base_last	incremental_last	all_last	base	incremental	all	exp_name	dataset	dataroot	batch_size_base	epochs_base	lr_base	schedule	milestones	step	decay	momentum	ce_loss_factor	moco_dim	moco_k	moco_m	moco_t	moco_loss_factor	num_views	pre_trained_url	encoder	num_mlp	shot	way	session	base_class	incft	test_batch_size	eval_freq	num_workers	seed	num_seeds	gpu	distributed	distributed_launcher	distributed_backend	pet_cls	rank	pet_tuning_start_epoch	encoder_ft_start_layer	adapt_blocks	encoder_ft_start_epoch	encoder_lr_factor	limited_base_class	limited_base_samples	pet_on_teacher	update_base_classifier_with_prototypes	start_training_with_prototypes	add_bias_in_classifier	num_classes	sessions	save_path	size_crops
36.04	10.0	25.62	[41.09, 37.43, 37.32, 37.24, 37.24, 37.24, 37.19, 36.42, 36.04]	[nan, 23.0, 14.1, 12.8, 9.8, 7.88, 8.5, 9.57, 10.0]	[41.09, 36.32, 34.0, 32.36, 30.38, 28.61, 27.63, 26.53, 25.62]	cifar100_baseline_10way10shot_finetune_base_inc_frozen	cifar100	./data	64	10	0.001	Cosine	[60, 70]	40	0.0005	0.9	1.0	128	65536	0.999	0.07	0.0	2	./checkpoint/moco_v3.pth	vit-b16	1	5	5	-1	60	False	100	15	8	2	3	0	False	pytorch	nccl	None	5	0	12	[]	0	1	-1	1	False	False	True	False	100	9	checkpoint/cifar100_baseline_10way10shot_finetune_base_inc_frozen	[224, 224]
0.0	13.0	5.2	[27.53, 0.0, 0.0, 0.0, 0.0, 0.0, 0.0, 0.0, 0.0]	[nan, 69.8, 39.1, 24.91, 18.58, 14.65, 13.22, 13.05, 13.0]	[27.53, 5.37, 5.58, 4.98, 4.64, 4.31, 4.41, 4.81, 5.2]	cifar100_baseline_10way10shot_finetune_base_inc_frozen	cifar100	./data	64	10	0.001	Cosine	[60, 70]	40	0.0005	0.9	1.0	128	65536	0.999	0.07	0.0	2	./checkpoint/moco_v3.pth	vit-b16	1	5	5	-1	60	False	100	15	8	2	3	0	False	pytorch	nccl	None	5	0	8	[]	0	1	-1	1	False	False	True	False	100	9	checkpoint/cifar100_baseline_10way10shot_finetune_base_inc_frozen	[224, 224]
12.87	8.96	11.31	[40.25, 18.03, 18.03, 16.92, 16.73, 16.49, 16.49, 16.44, 12.87]	[nan, 8.4, 4.2, 7.49, 6.2, 6.36, 5.37, 4.7, 8.96]	[40.25, 17.29, 16.05, 15.04, 14.1, 13.51, 12.78, 12.11, 11.31]	cifar100_baseline_10way10shot_finetune_base_inc_frozen	cifar100	./data	64	10	0.001	Cosine	[60, 70]	40	0.0005	0.9	1.0	128	65536	0.999	0.07	0.0	2	./checkpoint/moco_v3.pth	vit-b16	1	5	5	-1	60	False	100	15	8	2	3	0	False	pytorch	nccl	None	5	0	4	[]	0	1	-1	1	False	True	True	False	100	9	checkpoint/cifar100_baseline_10way10shot_finetune_base_inc_frozen	[224, 224]
0.0	35.42	14.17	[89.93, 1.63, 0.09, 0.09, 0.0, 0.0, 0.0, 0.0, 0.0]	[nan, 85.0, 64.2, 43.98, 40.2, 38.89, 38.6, 33.43, 35.42]	[89.93, 8.04, 9.25, 8.87, 10.05, 11.44, 12.86, 12.31, 14.17]	cifar100_baseline_10way10shot_finetune_base_inc_frozen	cifar100	./data	64	10	0.01	Cosine	[60, 70]	40	0.0005	0.9	1.0	128	65536	0.999	0.07	0.0	2	./checkpoint/moco_v3.pth	vit-b16	1	5	5	-1	60	False	100	15	8	2	3	0	False	pytorch	nccl	None	5	0	2	[]	0	1	-1	1	False	False	False	False	100	9	checkpoint/cifar100_baseline_10way10shot_finetune_base_inc_frozen	[224, 224]
61.44	12.27	41.77	[83.49, 65.04, 64.7, 64.28, 64.25, 64.1, 64.1, 64.02, 61.44]	[nan, 4.27, 6.97, 10.82, 9.93, 9.85, 8.6, 8.97, 12.27]	[83.49, 60.36, 56.46, 53.59, 50.67, 48.14, 45.6, 43.74, 41.77]	cifar100_baseline_10way10shot_finetune_base_inc_frozen	cifar100	./data	64	10	0.01	Cosine	[60, 70]	40	0.0005	0.9	1.0	128	65536	0.999	0.07	0.0	2	./checkpoint/moco_v3.pth	vit-b16	1	5	5	-1	60	False	100	15	8	2	3	0	False	pytorch	nccl	None	5	0	11	[]	0	1	-1	1	False	True	True	False	100	9	checkpoint/cifar100_baseline_10way10shot_finetune_base_inc_frozen	[224, 224]
54.77	8.61	36.31	[81.03, 58.97, 58.9, 57.77, 57.7, 57.64, 57.64, 57.55, 54.77]	[nan, 4.4, 3.3, 8.11, 8.55, 7.44, 6.22, 5.75, 8.61]	[81.03, 54.78, 50.96, 47.84, 45.41, 42.87, 40.5, 38.47, 36.31]	cifar100_baseline_10way10shot_finetune_base_inc_frozen	cifar100	./data	64	10	0.01	Cosine	[60, 70]	40	0.0005	0.9	1.0	128	65536	0.999	0.07	0.0	2	./checkpoint/moco_v3.pth	vit-b16	1	5	5	-1	60	False	100	15	8	2	3	0	False	pytorch	nccl	None	5	0	11	[]	0	1	-1	1	False	True	False	False	100	9	checkpoint/cifar100_baseline_10way10shot_finetune_base_inc_frozen	[224, 224]
0.0	18.95	7.58	[6.44, 0.0, 0.0, 0.0, 0.0, 0.0, 0.0, 0.0, 0.0]	[nan, 43.8, 30.0, 20.0, 16.4, 14.2, 16.9, 17.03, 18.95]	[6.44, 3.37, 4.29, 4.0, 4.1, 4.18, 5.63, 6.27, 7.58]	cifar100_baseline_10way10shot_finetune_base_inc_frozen	cifar100	./data	64	10	0.001	Cosine	[60, 70]	40	0.0005	0.9	1.0	128	65536	0.999	0.07	0.0	2	./checkpoint/moco_v3.pth	vit-b16	1	5	5	-1	60	False	100	15	8	2	3	0	False	pytorch	nccl	None	5	0	12	[]	0	1	-1	1	False	False	False	False	100	9	checkpoint/cifar100_baseline_10way10shot_finetune_base_inc_frozen	[224, 224]
79.95	5.37	50.11	[89.31, 81.29, 81.29, 81.03, 81.03, 80.99, 80.99, 80.94, 79.95]	[nan, 3.87, 2.87, 5.85, 4.62, 4.51, 3.75, 3.64, 5.37]	[89.31, 75.34, 70.09, 66.0, 61.93, 58.49, 55.24, 52.46, 50.11]	cifar100_baseline_10way10shot_finetune_base_inc_frozen	cifar100	./data	64	15	0.01	Cosine	[60, 70]	40	0.0005	0.9	1.0	128	65536	0.999	0.07	0.0	2	./checkpoint/moco_v3.pth	vit-b16	1	5	5	-1	60	False	100	15	8	2	3	0	False	pytorch	nccl	None	5	0	8	[]	0	1	-1	1	False	True	True	False	100	9	checkpoint/cifar100_baseline_10way10shot_finetune_base_inc_frozen	[224, 224]
0.0	8.92	3.57	[16.78, 0.0, 0.0, 0.0, 0.0, 0.0, 0.0, 0.0, 0.0]	[nan, 41.53, 21.47, 13.69, 10.28, 8.31, 7.3, 8.17, 8.92]	[16.78, 3.19, 3.07, 2.74, 2.57, 2.44, 2.43, 3.01, 3.57]	cifar100_baseline_10way10shot_finetune_base_inc_frozen	cifar100	./data	64	10	0.001	Cosine	[60, 70]	40	0.0005	0.9	1.0	128	65536	0.999	0.07	0.0	2	./checkpoint/moco_v3.pth	vit-b16	1	5	5	-1	60	False	100	15	8	2	3	0	False	pytorch	nccl	None	5	0	10	[]	0	1	-1	1	False	False	True	False	100	9	checkpoint/cifar100_baseline_10way10shot_finetune_base_inc_frozen	[224, 224]
0.0	38.45	15.38	[85.11, 3.83, 0.54, 0.47, 0.0, 0.0, 0.0, 0.0, 0.0]	[nan, 88.27, 66.77, 42.07, 38.73, 39.76, 39.93, 36.4, 38.45]	[85.11, 10.33, 10.0, 8.79, 9.68, 11.69, 13.31, 13.41, 15.38]	cifar100_baseline_10way10shot_finetune_base_inc_frozen	cifar100	./data	64	10	0.01	Cosine	[60, 70]	40	0.0005	0.9	1.0	128	65536	0.999	0.07	0.0	2	./checkpoint/moco_v3.pth	vit-b16	1	5	5	-1	60	False	100	15	8	2	3	0	False	pytorch	nccl	None	5	0	10	[]	0	1	-1	1	False	False	True	False	100	9	checkpoint/cifar100_baseline_10way10shot_finetune_base_inc_frozen	[224, 224]
8.76	2.61	6.3	[33.61, 10.53, 10.53, 10.53, 10.52, 10.52, 10.52, 10.52, 8.76]	[nan, 0.0, 0.0, 0.04, 0.03, 0.08, 0.07, 0.07, 2.61]	[33.61, 9.72, 9.03, 8.43, 7.9, 7.45, 7.03, 6.67, 6.3]	cifar100_baseline_10way10shot_finetune_base_inc_frozen	cifar100	./data	64	20	0.001	Cosine	[60, 70]	40	0.0005	0.9	1.0	128	65536	0.999	0.07	0.0	2	./checkpoint/moco_v3.pth	vit-b16	1	5	5	-1	60	False	100	15	8	2	3	0	False	pytorch	nccl	None	5	0	8	[]	0	1	-1	1	False	True	False	False	100	9	checkpoint/cifar100_baseline_10way10shot_finetune_base_inc_frozen	[224, 224]
0.0	6.51	2.6	[12.14, 0.0, 0.0, 0.0, 0.0, 0.0, 0.0, 0.0, 0.0]	[nan, 43.0, 22.23, 15.05, 11.97, 9.71, 7.98, 7.03, 6.51]	[12.14, 3.31, 3.18, 3.01, 2.99, 2.86, 2.66, 2.59, 2.6]	cifar100_baseline_10way10shot_finetune_base_inc_frozen	cifar100	./data	64	10	0.001	Cosine	[60, 70]	40	0.0005	0.9	1.0	128	65536	0.999	0.07	0.0	2	./checkpoint/moco_v3.pth	vit-b16	1	5	5	-1	60	False	100	15	8	2	3	0	False	pytorch	nccl	None	5	0	2	[]	0	1	-1	1	False	False	False	False	100	9	checkpoint/cifar100_baseline_10way10shot_finetune_base_inc_frozen	[224, 224]
75.13	6.33	47.61	[88.08, 76.83, 76.83, 76.49, 76.49, 76.46, 76.46, 76.43, 75.13]	[nan, 6.0, 3.97, 7.15, 5.6, 5.16, 4.31, 3.94, 6.33]	[88.08, 71.38, 66.42, 62.62, 58.76, 55.49, 52.4, 49.73, 47.61]	cifar100_baseline_10way10shot_finetune_base_inc_frozen	cifar100	./data	64	10	0.01	Cosine	[60, 70]	40	0.0005	0.9	1.0	128	65536	0.999	0.07	0.0	2	./checkpoint/moco_v3.pth	vit-b16	1	5	5	-1	60	False	100	15	8	2	3	0	False	pytorch	nccl	None	5	0	8	[]	0	1	-1	1	False	True	True	False	100	9	checkpoint/cifar100_baseline_10way10shot_finetune_base_inc_frozen	[224, 224]
7.88	7.68	7.8	[25.22, 12.93, 12.79, 12.47, 12.36, 11.45, 11.4, 10.58, 7.88]	[nan, 5.13, 3.43, 4.26, 3.5, 5.21, 4.42, 4.7, 7.68]	[25.22, 12.33, 11.45, 10.83, 10.15, 9.61, 9.07, 8.42, 7.8]	cifar100_baseline_10way10shot_finetune_base_inc_frozen	cifar100	./data	64	15	0.001	Cosine	[60, 70]	40	0.0005	0.9	1.0	128	65536	0.999	0.07	0.0	2	./checkpoint/moco_v3.pth	vit-b16	1	5	5	-1	60	False	100	15	8	2	3	0	False	pytorch	nccl	None	5	0	2	[]	0	1	-1	1	False	True	False	False	100	9	checkpoint/cifar100_baseline_10way10shot_finetune_base_inc_frozen	[224, 224]
67.25	13.79	45.87	[85.76, 71.17, 70.57, 70.06, 70.05, 69.92, 69.92, 69.89, 67.25]	[nan, 7.2, 10.4, 13.73, 12.72, 12.01, 10.39, 10.54, 13.79]	[85.76, 66.25, 61.98, 58.8, 55.72, 52.89, 50.08, 48.03, 45.87]	cifar100_baseline_10way10shot_finetune_base_inc_frozen	cifar100	./data	64	15	0.01	Cosine	[60, 70]	40	0.0005	0.9	1.0	128	65536	0.999	0.07	0.0	2	./checkpoint/moco_v3.pth	vit-b16	1	5	5	-1	60	False	100	15	8	2	3	0	False	pytorch	nccl	None	5	0	11	[]	0	1	-1	1	False	True	True	False	100	9	checkpoint/cifar100_baseline_10way10shot_finetune_base_inc_frozen	[224, 224]
0.0	18.95	7.58	[47.97, 0.0, 0.0, 0.0, 0.0, 0.0, 0.0, 0.0, 0.0]	[nan, 43.8, 30.0, 20.0, 16.4, 14.2, 16.9, 17.03, 18.95]	[47.97, 3.37, 4.29, 4.0, 4.1, 4.18, 5.63, 6.27, 7.58]	cifar100_baseline_10way10shot_finetune_base_inc_frozen	cifar100	./data	64	15	0.01	Cosine	[60, 70]	40	0.0005	0.9	1.0	128	65536	0.999	0.07	0.0	2	./checkpoint/moco_v3.pth	vit-b16	1	5	5	-1	60	False	100	15	8	2	3	0	False	pytorch	nccl	None	5	0	12	[]	0	1	-1	1	False	False	False	False	100	9	checkpoint/cifar100_baseline_10way10shot_finetune_base_inc_frozen	[224, 224]
0.0	5.66	2.26	[12.01, 0.0, 0.0, 0.0, 0.0, 0.0, 0.0, 0.0, 0.0]	[nan, 38.0, 17.9, 13.38, 9.92, 7.68, 6.45, 5.57, 5.66]	[12.01, 2.92, 2.56, 2.68, 2.48, 2.26, 2.15, 2.05, 2.26]	cifar100_baseline_10way10shot_finetune_base_inc_frozen	cifar100	./data	64	15	0.001	Cosine	[60, 70]	40	0.0005	0.9	1.0	128	65536	0.999	0.07	0.0	2	./checkpoint/moco_v3.pth	vit-b16	1	5	5	-1	60	False	100	15	8	2	3	0	False	pytorch	nccl	None	5	0	11	[]	0	1	-1	1	False	False	False	False	100	9	checkpoint/cifar100_baseline_10way10shot_finetune_base_inc_frozen	[224, 224]
0.0	38.6	15.44	[84.62, 0.48, 0.04, 0.03, 0.0, 0.0, 0.0, 0.0, 0.0]	[nan, 85.4, 62.7, 37.4, 37.2, 39.49, 40.35, 36.63, 38.6]	[84.62, 7.01, 8.99, 7.51, 9.3, 11.62, 13.45, 13.5, 15.44]	cifar100_baseline_10way10shot_finetune_base_inc_frozen	cifar100	./data	64	15	0.01	Cosine	[60, 70]	40	0.0005	0.9	1.0	128	65536	0.999	0.07	0.0	2	./checkpoint/moco_v3.pth	vit-b16	1	5	5	-1	60	False	100	15	8	2	3	0	False	pytorch	nccl	None	5	0	11	[]	0	1	-1	1	False	False	False	False	100	9	checkpoint/cifar100_baseline_10way10shot_finetune_base_inc_frozen	[224, 224]
1.67	0.0	1.0	[7.46, 1.67, 1.67, 1.67, 1.67, 1.67, 1.67, 1.67, 1.67]	[nan, 0.0, 0.0, 0.0, 0.0, 0.0, 0.0, 0.0, 0.0]	[7.46, 1.54, 1.43, 1.33, 1.25, 1.18, 1.11, 1.05, 1.0]	cifar100_baseline_10way10shot_finetune_base_inc_frozen	cifar100	./data	64	10	0.001	Cosine	[60, 70]	40	0.0005	0.9	1.0	128	65536	0.999	0.07	0.0	2	./checkpoint/moco_v3.pth	vit-b16	1	5	5	-1	60	False	100	15	8	2	3	0	False	pytorch	nccl	None	5	0	11	[]	0	1	-1	1	False	True	False	False	100	9	checkpoint/cifar100_baseline_10way10shot_finetune_base_inc_frozen	[224, 224]
0.0	41.22	16.49	[90.56, 7.14, 0.36, 0.25, 0.03, 0.0, 0.0, 0.0, 0.0]	[nan, 87.87, 67.17, 48.0, 46.28, 45.21, 44.33, 38.64, 41.22]	[90.56, 13.35, 9.9, 9.8, 11.59, 13.3, 14.78, 14.24, 16.49]	cifar100_baseline_10way10shot_finetune_base_inc_frozen	cifar100	./data	64	10	0.01	Cosine	[60, 70]	40	0.0005	0.9	1.0	128	65536	0.999	0.07	0.0	2	./checkpoint/moco_v3.pth	vit-b16	1	5	5	-1	60	False	100	15	8	2	3	0	False	pytorch	nccl	None	5	0	2	[]	0	1	-1	1	False	False	True	False	100	9	checkpoint/cifar100_baseline_10way10shot_finetune_base_inc_frozen	[224, 224]
85.28	4.38	52.92	[91.17, 86.56, 86.56, 86.45, 86.45, 86.32, 86.32, 86.32, 85.28]	[nan, 1.87, 0.93, 3.22, 2.47, 3.8, 3.18, 3.02, 4.38]	[91.17, 80.05, 74.33, 69.81, 65.45, 62.05, 58.61, 55.63, 52.92]	cifar100_baseline_10way10shot_finetune_base_inc_frozen	cifar100	./data	64	15	0.01	Cosine	[60, 70]	40	0.0005	0.9	1.0	128	65536	0.999	0.07	0.0	2	./checkpoint/moco_v3.pth	vit-b16	1	5	5	-1	60	False	100	15	8	2	3	0	False	pytorch	nccl	None	5	0	2	[]	0	1	-1	1	False	True	False	False	100	9	checkpoint/cifar100_baseline_10way10shot_finetune_base_inc_frozen	[224, 224]
83.72	8.8	53.75	[90.44, 85.68, 85.68, 85.22, 85.22, 84.7, 84.7, 84.69, 83.72]	[nan, 10.27, 5.43, 7.71, 7.05, 8.89, 7.47, 7.0, 8.8]	[90.44, 79.88, 74.21, 69.72, 65.67, 62.41, 58.95, 56.07, 53.75]	cifar100_baseline_10way10shot_finetune_base_inc_frozen	cifar100	./data	64	10	0.01	Cosine	[60, 70]	40	0.0005	0.9	1.0	128	65536	0.999	0.07	0.0	2	./checkpoint/moco_v3.pth	vit-b16	1	5	5	-1	60	False	100	15	8	2	3	0	False	pytorch	nccl	None	5	0	2	[]	0	1	-1	1	False	True	True	False	100	9	checkpoint/cifar100_baseline_10way10shot_finetune_base_inc_frozen	[224, 224]
0.0	6.24	2.5	[11.74, 0.0, 0.0, 0.0, 0.0, 0.0, 0.0, 0.0, 0.0]	[nan, 45.87, 23.53, 15.33, 11.6, 9.57, 8.08, 6.94, 6.24]	[11.74, 3.53, 3.36, 3.07, 2.9, 2.82, 2.69, 2.56, 2.5]	cifar100_baseline_10way10shot_finetune_base_inc_frozen	cifar100	./data	64	10	0.001	Cosine	[60, 70]	40	0.0005	0.9	1.0	128	65536	0.999	0.07	0.0	2	./checkpoint/moco_v3.pth	vit-b16	1	5	5	-1	60	False	100	15	8	2	3	0	False	pytorch	nccl	None	5	0	6	[]	0	1	-1	1	False	False	False	False	100	9	checkpoint/cifar100_baseline_10way10shot_finetune_base_inc_frozen	[224, 224]
15.88	8.63	12.98	[43.08, 21.53, 21.53, 20.24, 19.87, 19.57, 19.57, 19.51, 15.88]	[nan, 8.33, 4.17, 7.13, 6.28, 6.08, 5.3, 4.41, 8.63]	[43.08, 20.52, 19.05, 17.62, 16.47, 15.6, 14.81, 13.95, 12.98]	cifar100_baseline_10way10shot_finetune_base_inc_frozen	cifar100	./data	64	10	0.001	Cosine	[60, 70]	40	0.0005	0.9	1.0	128	65536	0.999	0.07	0.0	2	./checkpoint/moco_v3.pth	vit-b16	1	5	5	-1	60	False	100	15	8	2	3	0	False	pytorch	nccl	None	5	0	2	[]	0	1	-1	1	False	True	True	False	100	9	checkpoint/cifar100_baseline_10way10shot_finetune_base_inc_frozen	[224, 224]
0.0	11.15	4.46	[19.84, 0.0, 0.0, 0.0, 0.0, 0.0, 0.0, 0.0, 0.0]	[nan, 66.27, 35.97, 22.42, 16.83, 13.37, 11.41, 9.98, 11.15]	[19.84, 5.1, 5.14, 4.48, 4.21, 3.94, 3.8, 3.68, 4.46]	cifar100_baseline_10way10shot_finetune_base_inc_frozen	cifar100	./data	64	15	0.001	Cosine	[60, 70]	40	0.0005	0.9	1.0	128	65536	0.999	0.07	0.0	2	./checkpoint/moco_v3.pth	vit-b16	1	5	5	-1	60	False	100	15	8	2	3	0	False	pytorch	nccl	None	5	0	8	[]	0	1	-1	1	False	False	False	False	100	9	checkpoint/cifar100_baseline_10way10shot_finetune_base_inc_frozen	[224, 224]
0.0	10.12	4.05	[20.21, 0.0, 0.0, 0.0, 0.0, 0.0, 0.0, 0.0, 0.0]	[nan, 54.8, 29.93, 20.8, 15.63, 12.43, 10.45, 9.66, 10.12]	[20.21, 4.21, 4.27, 4.16, 3.91, 3.66, 3.48, 3.56, 4.05]	cifar100_baseline_10way10shot_finetune_base_inc_frozen	cifar100	./data	64	15	0.001	Cosine	[60, 70]	40	0.0005	0.9	1.0	128	65536	0.999	0.07	0.0	2	./checkpoint/moco_v3.pth	vit-b16	1	5	5	-1	60	False	100	15	8	2	3	0	False	pytorch	nccl	None	5	0	6	[]	0	1	-1	1	False	False	False	False	100	9	checkpoint/cifar100_baseline_10way10shot_finetune_base_inc_frozen	[224, 224]
0.0	39.36	15.74	[89.0, 6.5, 0.46, 0.12, 0.01, 0.0, 0.0, 0.0, 0.0]	[nan, 85.93, 65.27, 47.13, 45.93, 44.8, 43.93, 37.63, 39.36]	[89.0, 12.61, 9.72, 9.52, 11.49, 13.18, 14.64, 13.86, 15.74]	cifar100_baseline_10way10shot_finetune_base_inc_frozen	cifar100	./data	64	10	0.01	Cosine	[60, 70]	40	0.0005	0.9	1.0	128	65536	0.999	0.07	0.0	2	./checkpoint/moco_v3.pth	vit-b16	1	5	5	-1	60	False	100	15	8	2	3	0	False	pytorch	nccl	None	5	0	-1	[]	0	1	-1	1	False	False	True	False	100	9	checkpoint/cifar100_baseline_10way10shot_finetune_base_inc_frozen	[224, 224]
0.02	3.31	1.33	[9.83, 1.13, 1.12, 1.12, 1.12, 1.12, 1.12, 1.12, 0.02]	[nan, 14.93, 7.57, 5.07, 3.82, 3.05, 2.54, 2.21, 3.31]	[9.83, 2.19, 2.04, 1.91, 1.79, 1.69, 1.59, 1.52, 1.33]	cifar100_baseline_10way10shot_finetune_base_inc_frozen	cifar100	./data	64	10	0.001	Cosine	[60, 70]	40	0.0005	0.9	1.0	128	65536	0.999	0.07	0.0	2	./checkpoint/moco_v3.pth	vit-b16	1	5	5	-1	60	False	100	15	8	2	3	0	False	pytorch	nccl	None	5	0	4	[]	0	1	-1	1	False	True	False	False	100	9	checkpoint/cifar100_baseline_10way10shot_finetune_base_inc_frozen	[224, 224]
42.93	6.9	28.52	[44.21, 43.22, 43.18, 43.18, 43.18, 43.18, 43.18, 42.97, 42.93]	[nan, 14.27, 8.8, 7.91, 5.93, 4.75, 5.03, 6.76, 6.9]	[44.21, 40.99, 38.27, 36.13, 33.87, 31.88, 30.47, 29.63, 28.52]	cifar100_baseline_10way10shot_finetune_base_inc_frozen	cifar100	./data	64	15	0.001	Cosine	[60, 70]	40	0.0005	0.9	1.0	128	65536	0.999	0.07	0.0	2	./checkpoint/moco_v3.pth	vit-b16	1	5	5	-1	60	False	100	15	8	2	3	0	False	pytorch	nccl	None	5	0	12	[]	0	1	-1	1	False	False	True	False	100	9	checkpoint/cifar100_baseline_10way10shot_finetune_base_inc_frozen	[224, 224]
78.93	8.27	50.67	[89.33, 81.42, 81.42, 81.09, 81.08, 80.82, 80.82, 80.79, 78.93]	[nan, 10.8, 5.77, 6.98, 6.32, 7.33, 6.15, 5.93, 8.27]	[89.33, 75.99, 70.62, 66.27, 62.39, 59.2, 55.93, 53.21, 50.67]	cifar100_baseline_10way10shot_finetune_base_inc_frozen	cifar100	./data	64	10	0.01	Cosine	[60, 70]	40	0.0005	0.9	1.0	128	65536	0.999	0.07	0.0	2	./checkpoint/moco_v3.pth	vit-b16	1	5	5	-1	60	False	100	15	8	2	3	0	False	pytorch	nccl	None	5	0	-1	[]	0	1	-1	1	False	True	True	False	100	9	checkpoint/cifar100_baseline_10way10shot_finetune_base_inc_frozen	[224, 224]
74.46	7.28	47.59	[87.94, 76.18, 76.18, 75.89, 75.89, 75.49, 75.49, 75.43, 74.46]	[nan, 9.33, 4.73, 7.31, 5.85, 7.12, 5.93, 5.62, 7.28]	[87.94, 71.04, 65.97, 62.18, 58.38, 55.38, 52.31, 49.71, 47.59]	cifar100_baseline_10way10shot_finetune_base_inc_frozen	cifar100	./data	64	10	0.01	Cosine	[60, 70]	40	0.0005	0.9	1.0	128	65536	0.999	0.07	0.0	2	./checkpoint/moco_v3.pth	vit-b16	1	5	5	-1	60	False	100	15	8	2	3	0	False	pytorch	nccl	None	5	0	-1	[]	0	1	-1	1	False	True	False	False	100	9	checkpoint/cifar100_baseline_10way10shot_finetune_base_inc_frozen	[224, 224]
0.0	25.88	10.35	[62.89, 0.04, 0.0, 0.0, 0.0, 0.0, 0.0, 0.0, 0.0]	[nan, 82.67, 51.7, 41.49, 36.47, 34.52, 30.64, 25.98, 25.88]	[62.89, 6.39, 7.39, 8.3, 9.12, 10.15, 10.21, 9.57, 10.35]	cifar100_baseline_10way10shot_finetune_base_inc_frozen	cifar100	./data	64	15	0.001	Cosine	[60, 70]	40	0.0005	0.9	1.0	128	65536	0.999	0.07	0.0	2	./checkpoint/moco_v3.pth	vit-b16	1	5	5	-1	60	False	100	15	8	2	3	0	False	pytorch	nccl	None	5	0	-1	[]	0	1	-1	1	False	False	True	False	100	9	checkpoint/cifar100_baseline_10way10shot_finetune_base_inc_frozen	[224, 224]
83.5	7.12	52.95	[90.45, 84.58, 84.58, 84.27, 84.27, 84.02, 84.02, 84.02, 83.5]	[nan, 7.07, 3.7, 6.38, 5.77, 6.47, 5.42, 5.15, 7.12]	[90.45, 78.62, 73.03, 68.69, 64.65, 61.21, 57.82, 54.96, 52.95]	cifar100_baseline_10way10shot_finetune_base_inc_frozen	cifar100	./data	64	10	0.01	Cosine	[60, 70]	40	0.0005	0.9	1.0	128	65536	0.999	0.07	0.0	2	./checkpoint/moco_v3.pth	vit-b16	1	5	5	-1	60	False	100	15	8	2	3	0	False	pytorch	nccl	None	5	0	4	[]	0	1	-1	1	False	True	True	False	100	9	checkpoint/cifar100_baseline_10way10shot_finetune_base_inc_frozen	[224, 224]
0.0	22.18	8.87	[42.91, 0.0, 0.0, 0.0, 0.0, 0.0, 0.0, 0.0, 0.0]	[nan, 79.47, 43.5, 31.66, 27.47, 27.84, 23.96, 21.33, 22.18]	[42.91, 6.11, 6.21, 6.34, 6.87, 8.19, 7.99, 7.86, 8.87]	cifar100_baseline_10way10shot_finetune_base_inc_frozen	cifar100	./data	64	10	0.001	Cosine	[60, 70]	40	0.0005	0.9	1.0	128	65536	0.999	0.07	0.0	2	./checkpoint/moco_v3.pth	vit-b16	1	5	5	-1	60	False	100	15	8	2	3	0	False	pytorch	nccl	None	5	0	2	[]	0	1	-1	1	False	False	True	False	100	9	checkpoint/cifar100_baseline_10way10shot_finetune_base_inc_frozen	[224, 224]
2.0	7.64	4.25	[13.48, 5.89, 5.62, 4.83, 4.82, 3.95, 3.89, 3.7, 2.0]	[nan, 17.07, 9.67, 8.58, 6.58, 7.81, 6.69, 6.09, 7.64]	[13.48, 6.75, 6.2, 5.58, 5.26, 5.09, 4.82, 4.58, 4.25]	cifar100_baseline_10way10shot_finetune_base_inc_frozen	cifar100	./data	64	10	0.001	Cosine	[60, 70]	40	0.0005	0.9	1.0	128	65536	0.999	0.07	0.0	2	./checkpoint/moco_v3.pth	vit-b16	1	5	5	-1	60	False	100	15	8	2	3	0	False	pytorch	nccl	None	5	0	2	[]	0	1	-1	1	False	True	False	False	100	9	checkpoint/cifar100_baseline_10way10shot_finetune_base_inc_frozen	[224, 224]
0.0	36.98	14.79	[87.79, 0.58, 0.01, 0.0, 0.0, 0.0, 0.0, 0.0, 0.0]	[nan, 82.73, 62.5, 42.96, 39.65, 40.04, 39.26, 35.2, 36.98]	[87.79, 6.9, 8.93, 8.59, 9.91, 11.78, 13.08, 12.97, 14.79]	cifar100_baseline_10way10shot_finetune_base_inc_frozen	cifar100	./data	64	10	0.01	Cosine	[60, 70]	40	0.0005	0.9	1.0	128	65536	0.999	0.07	0.0	2	./checkpoint/moco_v3.pth	vit-b16	1	5	5	-1	60	False	100	15	8	2	3	0	False	pytorch	nccl	None	5	0	-1	[]	0	1	-1	1	False	False	False	False	100	9	checkpoint/cifar100_baseline_10way10shot_finetune_base_inc_frozen	[224, 224]
0.0	18.95	7.58	[45.53, 0.0, 0.0, 0.0, 0.0, 0.0, 0.0, 0.0, 0.0]	[nan, 43.8, 30.0, 20.0, 16.4, 14.2, 16.9, 17.03, 18.95]	[45.53, 3.37, 4.29, 4.0, 4.1, 4.18, 5.63, 6.27, 7.58]	cifar100_baseline_10way10shot_finetune_base_inc_frozen	cifar100	./data	64	10	0.01	Cosine	[60, 70]	40	0.0005	0.9	1.0	128	65536	0.999	0.07	0.0	2	./checkpoint/moco_v3.pth	vit-b16	1	5	5	-1	60	False	100	15	8	2	3	0	False	pytorch	nccl	None	5	0	12	[]	0	1	-1	1	False	False	False	False	100	9	checkpoint/cifar100_baseline_10way10shot_finetune_base_inc_frozen	[224, 224]
10.63	6.27	8.89	[38.73, 14.92, 14.92, 14.34, 14.34, 14.25, 14.25, 14.23, 10.63]	[nan, 0.0, 0.0, 1.71, 1.28, 1.52, 1.27, 1.28, 6.27]	[38.73, 13.77, 12.79, 11.81, 11.07, 10.51, 9.92, 9.46, 8.89]	cifar100_baseline_10way10shot_finetune_base_inc_frozen	cifar100	./data	64	20	0.001	Cosine	[60, 70]	40	0.0005	0.9	1.0	128	65536	0.999	0.07	0.0	2	./checkpoint/moco_v3.pth	vit-b16	1	5	5	-1	60	False	100	15	8	2	3	0	False	pytorch	nccl	None	5	0	6	[]	0	1	-1	1	False	True	False	False	100	9	checkpoint/cifar100_baseline_10way10shot_finetune_base_inc_frozen	[224, 224]
0.0	8.42	3.37	[24.93, 0.0, 0.0, 0.0, 0.0, 0.0, 0.0, 0.0, 0.0]	[nan, 51.27, 29.2, 18.31, 13.78, 10.67, 9.19, 8.17, 8.42]	[24.93, 3.94, 4.17, 3.66, 3.44, 3.14, 3.06, 3.01, 3.37]	cifar100_baseline_10way10shot_finetune_base_inc_frozen	cifar100	./data	64	20	0.001	Cosine	[60, 70]	40	0.0005	0.9	1.0	128	65536	0.999	0.07	0.0	2	./checkpoint/moco_v3.pth	vit-b16	1	5	5	-1	60	False	100	15	8	2	3	0	False	pytorch	nccl	None	5	0	10	[]	0	1	-1	1	False	False	False	False	100	9	checkpoint/cifar100_baseline_10way10shot_finetune_base_inc_frozen	[224, 224]
87.52	3.82	54.04	[91.25, 88.27, 88.27, 88.16, 88.16, 88.03, 88.03, 88.03, 87.52]	[nan, 0.93, 0.47, 3.11, 2.35, 3.19, 2.66, 2.62, 3.82]	[91.25, 81.55, 75.73, 71.15, 66.71, 63.08, 59.57, 56.56, 54.04]	cifar100_baseline_10way10shot_finetune_base_inc_frozen	cifar100	./data	64	20	0.01	Cosine	[60, 70]	40	0.0005	0.9	1.0	128	65536	0.999	0.07	0.0	2	./checkpoint/moco_v3.pth	vit-b16	1	5	5	-1	60	False	100	15	8	2	3	0	False	pytorch	nccl	None	5	0	4	[]	0	1	-1	1	False	True	False	False	100	9	checkpoint/cifar100_baseline_10way10shot_finetune_base_inc_frozen	[224, 224]
12.62	17.6	14.61	[47.43, 19.25, 19.23, 18.23, 18.23, 18.1, 17.98, 17.05, 12.62]	[nan, 39.8, 25.3, 19.07, 15.15, 12.48, 14.37, 15.03, 17.6]	[47.43, 20.83, 20.1, 18.4, 17.46, 16.45, 16.78, 16.31, 14.61]	cifar100_baseline_10way10shot_finetune_base_inc_frozen	cifar100	./data	64	15	0.01	Cosine	[60, 70]	40	0.0005	0.9	1.0	128	65536	0.999	0.07	0.0	2	./checkpoint/moco_v3.pth	vit-b16	1	5	5	-1	60	False	100	15	8	2	3	0	False	pytorch	nccl	None	5	0	12	[]	0	1	-1	1	False	True	False	False	100	9	checkpoint/cifar100_baseline_10way10shot_finetune_base_inc_frozen	[224, 224]
84.36	4.1	52.25	[90.12, 85.35, 85.35, 85.28, 85.28, 85.18, 85.18, 85.18, 84.36]	[nan, 2.2, 1.13, 3.04, 2.28, 3.11, 2.64, 2.47, 4.1]	[90.12, 78.95, 73.32, 68.84, 64.53, 61.04, 57.66, 54.71, 52.25]	cifar100_baseline_10way10shot_finetune_base_inc_frozen	cifar100	./data	64	20	0.01	Cosine	[60, 70]	40	0.0005	0.9	1.0	128	65536	0.999	0.07	0.0	2	./checkpoint/moco_v3.pth	vit-b16	1	5	5	-1	60	False	100	15	8	2	3	0	False	pytorch	nccl	None	5	0	-1	[]	0	1	-1	1	False	True	False	False	100	9	checkpoint/cifar100_baseline_10way10shot_finetune_base_inc_frozen	[224, 224]
0.0	37.51	15.0	[90.8, 0.78, 0.0, 0.0, 0.0, 0.0, 0.0, 0.0, 0.0]	[nan, 82.33, 66.2, 45.33, 42.98, 42.04, 40.98, 35.67, 37.51]	[90.8, 7.05, 9.46, 9.07, 10.75, 12.36, 13.66, 13.14, 15.0]	cifar100_baseline_10way10shot_finetune_base_inc_frozen	cifar100	./data	64	15	0.01	Cosine	[60, 70]	40	0.0005	0.9	1.0	128	65536	0.999	0.07	0.0	2	./checkpoint/moco_v3.pth	vit-b16	1	5	5	-1	60	False	100	15	8	2	3	0	False	pytorch	nccl	None	5	0	2	[]	0	1	-1	1	False	False	False	False	100	9	checkpoint/cifar100_baseline_10way10shot_finetune_base_inc_frozen	[224, 224]
0.0	38.68	15.47	[88.84, 0.52, 0.01, 0.0, 0.0, 0.0, 0.0, 0.0, 0.0]	[nan, 85.2, 66.47, 43.4, 40.88, 41.83, 40.75, 35.71, 38.68]	[88.84, 7.03, 9.5, 8.68, 10.22, 12.3, 13.58, 13.16, 15.47]	cifar100_baseline_10way10shot_finetune_base_inc_frozen	cifar100	./data	64	15	0.01	Cosine	[60, 70]	40	0.0005	0.9	1.0	128	65536	0.999	0.07	0.0	2	./checkpoint/moco_v3.pth	vit-b16	1	5	5	-1	60	False	100	15	8	2	3	0	False	pytorch	nccl	None	5	0	8	[]	0	1	-1	1	False	False	False	False	100	9	checkpoint/cifar100_baseline_10way10shot_finetune_base_inc_frozen	[224, 224]
3.27	2.0	2.76	[15.18, 4.83, 4.78, 4.78, 4.78, 4.78, 4.78, 4.78, 3.27]	[nan, 0.13, 0.37, 0.27, 0.2, 0.16, 0.13, 0.12, 2.0]	[15.18, 4.47, 4.15, 3.88, 3.63, 3.42, 3.23, 3.06, 2.76]	cifar100_baseline_10way10shot_finetune_base_inc_frozen	cifar100	./data	64	20	0.001	Cosine	[60, 70]	40	0.0005	0.9	1.0	128	65536	0.999	0.07	0.0	2	./checkpoint/moco_v3.pth	vit-b16	1	5	5	-1	60	False	100	15	8	2	3	0	False	pytorch	nccl	None	5	0	11	[]	0	1	-1	1	False	True	False	False	100	9	checkpoint/cifar100_baseline_10way10shot_finetune_base_inc_frozen	[224, 224]
86.32	6.52	54.4	[91.07, 87.27, 87.27, 87.04, 87.03, 86.72, 86.72, 86.71, 86.32]	[nan, 7.0, 4.87, 6.73, 5.92, 7.0, 5.86, 5.64, 6.52]	[91.07, 81.09, 75.49, 70.98, 66.75, 63.28, 59.77, 56.84, 54.4]	cifar100_baseline_10way10shot_finetune_base_inc_frozen	cifar100	./data	64	15	0.01	Cosine	[60, 70]	40	0.0005	0.9	1.0	128	65536	0.999	0.07	0.0	2	./checkpoint/moco_v3.pth	vit-b16	1	5	5	-1	60	False	100	15	8	2	3	0	False	pytorch	nccl	None	5	0	4	[]	0	1	-1	1	False	True	True	False	100	9	checkpoint/cifar100_baseline_10way10shot_finetune_base_inc_frozen	[224, 224]
22.25	7.66	16.41	[53.06, 26.72, 26.72, 26.61, 26.56, 26.46, 26.46, 26.15, 22.25]	[nan, 10.73, 5.37, 5.14, 4.17, 4.16, 3.47, 2.9, 7.66]	[53.06, 25.49, 23.67, 22.31, 20.96, 19.9, 18.8, 17.59, 16.41]	cifar100_baseline_10way10shot_finetune_base_inc_frozen	cifar100	./data	64	15	0.001	Cosine	[60, 70]	40	0.0005	0.9	1.0	128	65536	0.999	0.07	0.0	2	./checkpoint/moco_v3.pth	vit-b16	1	5	5	-1	60	False	100	15	8	2	3	0	False	pytorch	nccl	None	5	0	6	[]	0	1	-1	1	False	True	True	False	100	9	checkpoint/cifar100_baseline_10way10shot_finetune_base_inc_frozen	[224, 224]
12.62	17.6	14.61	[49.81, 19.25, 19.23, 18.23, 18.23, 18.1, 17.98, 17.05, 12.62]	[nan, 39.8, 25.3, 19.07, 15.15, 12.48, 14.37, 15.03, 17.6]	[49.81, 20.83, 20.1, 18.4, 17.46, 16.45, 16.78, 16.31, 14.61]	cifar100_baseline_10way10shot_finetune_base_inc_frozen	cifar100	./data	64	20	0.01	Cosine	[60, 70]	40	0.0005	0.9	1.0	128	65536	0.999	0.07	0.0	2	./checkpoint/moco_v3.pth	vit-b16	1	5	5	-1	60	False	100	15	8	2	3	0	False	pytorch	nccl	None	5	0	12	[]	0	1	-1	1	False	True	True	False	100	9	checkpoint/cifar100_baseline_10way10shot_finetune_base_inc_frozen	[224, 224]
70.52	9.76	46.22	[87.01, 74.03, 73.86, 73.52, 73.52, 73.34, 73.34, 73.32, 70.52]	[nan, 6.47, 6.87, 9.35, 7.43, 7.72, 6.42, 6.16, 9.76]	[87.01, 68.83, 64.29, 60.69, 57.0, 54.04, 51.04, 48.58, 46.22]	cifar100_baseline_10way10shot_finetune_base_inc_frozen	cifar100	./data	64	15	0.01	Cosine	[60, 70]	40	0.0005	0.9	1.0	128	65536	0.999	0.07	0.0	2	./checkpoint/moco_v3.pth	vit-b16	1	5	5	-1	60	False	100	15	8	2	3	0	False	pytorch	nccl	None	5	0	10	[]	0	1	-1	1	False	True	True	False	100	9	checkpoint/cifar100_baseline_10way10shot_finetune_base_inc_frozen	[224, 224]
0.0	42.09	16.83	[89.46, 6.32, 0.36, 0.17, 0.03, 0.0, 0.0, 0.0, 0.0]	[nan, 88.2, 69.53, 43.95, 42.82, 43.68, 43.08, 39.95, 42.09]	[89.46, 12.62, 10.24, 8.92, 10.72, 12.85, 14.36, 14.72, 16.83]	cifar100_baseline_10way10shot_finetune_base_inc_frozen	cifar100	./data	64	15	0.01	Cosine	[60, 70]	40	0.0005	0.9	1.0	128	65536	0.999	0.07	0.0	2	./checkpoint/moco_v3.pth	vit-b16	1	5	5	-1	60	False	100	15	8	2	3	0	False	pytorch	nccl	None	5	0	8	[]	0	1	-1	1	False	False	True	False	100	9	checkpoint/cifar100_baseline_10way10shot_finetune_base_inc_frozen	[224, 224]
0.0	9.1	3.64	[30.06, 0.0, 0.0, 0.0, 0.0, 0.0, 0.0, 0.0, 0.0]	[nan, 58.0, 31.73, 22.94, 15.9, 11.6, 9.96, 8.69, 9.1]	[30.06, 4.46, 4.53, 4.58, 3.98, 3.41, 3.32, 3.2, 3.64]	cifar100_baseline_10way10shot_finetune_base_inc_frozen	cifar100	./data	64	20	0.001	Cosine	[60, 70]	40	0.0005	0.9	1.0	128	65536	0.999	0.07	0.0	2	./checkpoint/moco_v3.pth	vit-b16	1	5	5	-1	60	False	100	15	8	2	3	0	False	pytorch	nccl	None	5	0	11	[]	0	1	-1	1	False	False	True	False	100	9	checkpoint/cifar100_baseline_10way10shot_finetune_base_inc_frozen	[224, 224]
12.62	17.6	14.61	[25.6, 19.25, 19.23, 18.23, 18.23, 18.1, 17.98, 17.05, 12.62]	[nan, 39.8, 25.3, 19.07, 15.15, 12.48, 14.37, 15.03, 17.6]	[25.6, 20.83, 20.1, 18.4, 17.46, 16.45, 16.78, 16.31, 14.61]	cifar100_baseline_10way10shot_finetune_base_inc_frozen	cifar100	./data	64	15	0.001	Cosine	[60, 70]	40	0.0005	0.9	1.0	128	65536	0.999	0.07	0.0	2	./checkpoint/moco_v3.pth	vit-b16	1	5	5	-1	60	False	100	15	8	2	3	0	False	pytorch	nccl	None	5	0	12	[]	0	1	-1	1	False	True	False	False	100	9	checkpoint/cifar100_baseline_10way10shot_finetune_base_inc_frozen	[224, 224]
0.0	4.6	1.84	[16.83, 0.0, 0.0, 0.0, 0.0, 0.0, 0.0, 0.0, 0.0]	[nan, 42.47, 20.93, 15.51, 12.8, 10.24, 8.53, 7.92, 4.6]	[16.83, 3.27, 2.99, 3.1, 3.2, 3.01, 2.85, 2.92, 1.84]	cifar100_baseline_10way10shot_finetune_base_inc_frozen	cifar100	./data	64	10	0.001	Cosine	[60, 70]	40	0.0005	0.9	1.0	128	65536	0.999	0.07	0.0	2	./checkpoint/moco_v3.pth	vit-b16	1	5	5	-1	60	False	100	15	8	2	3	0	False	pytorch	nccl	None	5	0	11	[]	0	1	-1	1	False	False	True	False	100	9	checkpoint/cifar100_baseline_10way10shot_finetune_base_inc_frozen	[224, 224]
63.56	9.29	41.85	[84.93, 67.9, 67.83, 67.14, 67.14, 66.83, 66.83, 66.79, 63.56]	[nan, 9.07, 6.63, 9.58, 7.33, 7.96, 6.64, 6.11, 9.29]	[84.93, 63.38, 59.09, 55.62, 52.18, 49.52, 46.77, 44.44, 41.85]	cifar100_baseline_10way10shot_finetune_base_inc_frozen	cifar100	./data	64	10	0.01	Cosine	[60, 70]	40	0.0005	0.9	1.0	128	65536	0.999	0.07	0.0	2	./checkpoint/moco_v3.pth	vit-b16	1	5	5	-1	60	False	100	15	8	2	3	0	False	pytorch	nccl	None	5	0	10	[]	0	1	-1	1	False	True	True	False	100	9	checkpoint/cifar100_baseline_10way10shot_finetune_base_inc_frozen	[224, 224]
41.75	8.2	28.33	[72.55, 45.83, 45.81, 45.72, 45.72, 45.48, 45.45, 45.38, 41.75]	[nan, 13.47, 6.97, 6.11, 4.7, 5.31, 4.52, 3.99, 8.2]	[72.55, 43.34, 40.26, 37.79, 35.46, 33.67, 31.81, 30.13, 28.33]	cifar100_baseline_10way10shot_finetune_base_inc_frozen	cifar100	./data	64	20	0.001	Cosine	[60, 70]	40	0.0005	0.9	1.0	128	65536	0.999	0.07	0.0	2	./checkpoint/moco_v3.pth	vit-b16	1	5	5	-1	60	False	100	15	8	2	3	0	False	pytorch	nccl	None	5	0	-1	[]	0	1	-1	1	False	True	True	False	100	9	checkpoint/cifar100_baseline_10way10shot_finetune_base_inc_frozen	[224, 224]
83.78	3.33	51.6	[90.52, 84.72, 84.72, 84.61, 84.61, 84.57, 84.57, 84.57, 83.78]	[nan, 1.0, 0.57, 2.8, 2.1, 2.44, 2.03, 1.79, 3.33]	[90.52, 78.28, 72.7, 68.25, 63.98, 60.41, 57.05, 54.07, 51.6]	cifar100_baseline_10way10shot_finetune_base_inc_frozen	cifar100	./data	64	20	0.01	Cosine	[60, 70]	40	0.0005	0.9	1.0	128	65536	0.999	0.07	0.0	2	./checkpoint/moco_v3.pth	vit-b16	1	5	5	-1	60	False	100	15	8	2	3	0	False	pytorch	nccl	None	5	0	6	[]	0	1	-1	1	False	True	False	False	100	9	checkpoint/cifar100_baseline_10way10shot_finetune_base_inc_frozen	[224, 224]
0.0	13.38	5.35	[43.48, 0.0, 0.0, 0.0, 0.0, 0.0, 0.0, 0.0, 0.0]	[nan, 75.2, 43.27, 26.42, 19.92, 14.8, 13.36, 11.48, 13.38]	[43.48, 5.79, 6.18, 5.28, 4.98, 4.35, 4.45, 4.23, 5.35]	cifar100_baseline_10way10shot_finetune_base_inc_frozen	cifar100	./data	64	20	0.001	Cosine	[60, 70]	40	0.0005	0.9	1.0	128	65536	0.999	0.07	0.0	2	./checkpoint/moco_v3.pth	vit-b16	1	5	5	-1	60	False	100	15	8	2	3	0	False	pytorch	nccl	None	5	0	10	[]	0	1	-1	1	False	False	True	False	100	9	checkpoint/cifar100_baseline_10way10shot_finetune_base_inc_frozen	[224, 224]
0.0	24.46	9.78	[57.39, 0.0, 0.0, 0.0, 0.0, 0.0, 0.0, 0.0, 0.0]	[nan, 79.2, 48.93, 31.13, 27.13, 27.2, 26.1, 22.52, 24.46]	[57.39, 6.09, 6.99, 6.23, 6.78, 8.0, 8.7, 8.3, 9.78]	cifar100_baseline_10way10shot_finetune_base_inc_frozen	cifar100	./data	64	20	0.001	Cosine	[60, 70]	40	0.0005	0.9	1.0	128	65536	0.999	0.07	0.0	2	./checkpoint/moco_v3.pth	vit-b16	1	5	5	-1	60	False	100	15	8	2	3	0	False	pytorch	nccl	None	5	0	8	[]	0	1	-1	1	False	False	True	False	100	9	checkpoint/cifar100_baseline_10way10shot_finetune_base_inc_frozen	[224, 224]
14.22	8.01	11.74	[45.39, 18.0, 18.0, 17.91, 17.86, 17.76, 17.76, 17.73, 14.22]	[nan, 12.8, 6.4, 7.51, 5.82, 5.05, 4.21, 3.63, 8.01]	[45.39, 17.6, 16.34, 15.83, 14.84, 14.02, 13.25, 12.54, 11.74]	cifar100_baseline_10way10shot_finetune_base_inc_frozen	cifar100	./data	64	15	0.001	Cosine	[60, 70]	40	0.0005	0.9	1.0	128	65536	0.999	0.07	0.0	2	./checkpoint/moco_v3.pth	vit-b16	1	5	5	-1	60	False	100	15	8	2	3	0	False	pytorch	nccl	None	5	0	8	[]	0	1	-1	1	False	True	True	False	100	9	checkpoint/cifar100_baseline_10way10shot_finetune_base_inc_frozen	[224, 224]
0.0	42.53	17.01	[91.1, 5.05, 0.1, 0.08, 0.02, 0.0, 0.0, 0.0, 0.0]	[nan, 88.13, 70.77, 49.73, 48.5, 46.65, 45.62, 39.42, 42.53]	[91.1, 11.45, 10.2, 10.01, 12.14, 13.72, 15.21, 14.52, 17.01]	cifar100_baseline_10way10shot_finetune_base_inc_frozen	cifar100	./data	64	15	0.01	Cosine	[60, 70]	40	0.0005	0.9	1.0	128	65536	0.999	0.07	0.0	2	./checkpoint/moco_v3.pth	vit-b16	1	5	5	-1	60	False	100	15	8	2	3	0	False	pytorch	nccl	None	5	0	4	[]	0	1	-1	1	False	False	True	False	100	9	checkpoint/cifar100_baseline_10way10shot_finetune_base_inc_frozen	[224, 224]
0.0	26.28	10.51	[61.68, 0.0, 0.0, 0.0, 0.0, 0.0, 0.0, 0.0, 0.0]	[nan, 85.0, 51.97, 40.65, 35.82, 35.15, 31.82, 26.64, 26.28]	[61.68, 6.54, 7.42, 8.13, 8.95, 10.34, 10.61, 9.82, 10.51]	cifar100_baseline_10way10shot_finetune_base_inc_frozen	cifar100	./data	64	15	0.001	Cosine	[60, 70]	40	0.0005	0.9	1.0	128	65536	0.999	0.07	0.0	2	./checkpoint/moco_v3.pth	vit-b16	1	5	5	-1	60	False	100	15	8	2	3	0	False	pytorch	nccl	None	5	0	2	[]	0	1	-1	1	False	False	True	False	100	9	checkpoint/cifar100_baseline_10way10shot_finetune_base_inc_frozen	[224, 224]
17.11	9.52	14.07	[44.45, 23.44, 23.44, 22.98, 22.61, 22.33, 21.05, 20.84, 17.11]	[nan, 6.07, 3.03, 4.73, 4.47, 4.35, 6.39, 5.41, 9.52]	[44.45, 22.11, 20.52, 19.33, 18.07, 17.04, 16.16, 15.16, 14.07]	cifar100_baseline_10way10shot_finetune_base_inc_frozen	cifar100	./data	64	10	0.001	Cosine	[60, 70]	40	0.0005	0.9	1.0	128	65536	0.999	0.07	0.0	2	./checkpoint/moco_v3.pth	vit-b16	1	5	5	-1	60	False	100	15	8	2	3	0	False	pytorch	nccl	None	5	0	-1	[]	0	1	-1	1	False	True	True	False	100	9	checkpoint/cifar100_baseline_10way10shot_finetune_base_inc_frozen	[224, 224]
12.62	17.6	14.61	[45.74, 19.25, 19.23, 18.23, 18.23, 18.1, 17.98, 17.05, 12.62]	[nan, 39.8, 25.3, 19.07, 15.15, 12.48, 14.37, 15.03, 17.6]	[45.74, 20.83, 20.1, 18.4, 17.46, 16.45, 16.78, 16.31, 14.61]	cifar100_baseline_10way10shot_finetune_base_inc_frozen	cifar100	./data	64	10	0.01	Cosine	[60, 70]	40	0.0005	0.9	1.0	128	65536	0.999	0.07	0.0	2	./checkpoint/moco_v3.pth	vit-b16	1	5	5	-1	60	False	100	15	8	2	3	0	False	pytorch	nccl	None	5	0	12	[]	0	1	-1	1	False	True	False	False	100	9	checkpoint/cifar100_baseline_10way10shot_finetune_base_inc_frozen	[224, 224]
48.24	0.02	28.95	[48.24, 48.24, 48.24, 48.24, 48.24, 48.24, 48.24, 48.24, 48.24]	[nan, 0.0, 0.0, 0.0, 0.0, 0.0, 0.0, 0.02, 0.02]	[48.24, 44.53, 41.35, 38.59, 36.18, 34.05, 32.16, 30.47, 28.95]	cifar100_baseline_10way10shot_finetune_base_inc_frozen	cifar100	./data	64	10	0.01	Cosine	[60, 70]	40	0.0005	0.9	1.0	128	65536	0.999	0.07	0.0	2	./checkpoint/moco_v3.pth	vit-b16	1	5	5	-1	60	False	100	15	8	2	3	0	False	pytorch	nccl	None	5	0	12	[]	0	1	-1	1	False	False	True	False	100	9	checkpoint/cifar100_baseline_10way10shot_finetune_base_inc_frozen	[224, 224]
12.62	17.6	14.61	[49.51, 19.25, 19.23, 18.23, 18.23, 18.1, 17.98, 17.05, 12.62]	[nan, 39.8, 25.3, 19.07, 15.15, 12.48, 14.37, 15.03, 17.6]	[49.51, 20.83, 20.1, 18.4, 17.46, 16.45, 16.78, 16.31, 14.61]	cifar100_baseline_10way10shot_finetune_base_inc_frozen	cifar100	./data	64	15	0.01	Cosine	[60, 70]	40	0.0005	0.9	1.0	128	65536	0.999	0.07	0.0	2	./checkpoint/moco_v3.pth	vit-b16	1	5	5	-1	60	False	100	15	8	2	3	0	False	pytorch	nccl	None	5	0	12	[]	0	1	-1	1	False	True	True	False	100	9	checkpoint/cifar100_baseline_10way10shot_finetune_base_inc_frozen	[224, 224]
11.0	3.88	8.15	[43.31, 13.28, 13.28, 13.28, 13.28, 13.28, 13.28, 13.28, 11.0]	[nan, 2.0, 1.0, 0.69, 0.52, 0.41, 0.34, 0.31, 3.88]	[43.31, 12.42, 11.53, 10.76, 10.09, 9.5, 8.97, 8.5, 8.15]	cifar100_baseline_10way10shot_finetune_base_inc_frozen	cifar100	./data	64	20	0.001	Cosine	[60, 70]	40	0.0005	0.9	1.0	128	65536	0.999	0.07	0.0	2	./checkpoint/moco_v3.pth	vit-b16	1	5	5	-1	60	False	100	15	8	2	3	0	False	pytorch	nccl	None	5	0	10	[]	0	1	-1	1	False	True	True	False	100	9	checkpoint/cifar100_baseline_10way10shot_finetune_base_inc_frozen	[224, 224]
30.71	6.94	21.21	[64.97, 34.91, 34.91, 34.87, 34.87, 34.74, 34.74, 34.63, 30.71]	[nan, 9.73, 4.87, 4.35, 3.27, 3.41, 2.84, 2.45, 6.94]	[64.97, 32.97, 30.62, 28.76, 26.96, 25.53, 24.11, 22.78, 21.21]	cifar100_baseline_10way10shot_finetune_base_inc_frozen	cifar100	./data	64	20	0.001	Cosine	[60, 70]	40	0.0005	0.9	1.0	128	65536	0.999	0.07	0.0	2	./checkpoint/moco_v3.pth	vit-b16	1	5	5	-1	60	False	100	15	8	2	3	0	False	pytorch	nccl	None	5	0	6	[]	0	1	-1	1	False	True	True	False	100	9	checkpoint/cifar100_baseline_10way10shot_finetune_base_inc_frozen	[224, 224]
12.62	17.6	14.61	[48.87, 19.25, 19.23, 18.23, 18.23, 18.1, 17.98, 17.05, 12.62]	[nan, 39.8, 25.3, 19.07, 15.15, 12.48, 14.37, 15.03, 17.6]	[48.87, 20.83, 20.1, 18.4, 17.46, 16.45, 16.78, 16.31, 14.61]	cifar100_baseline_10way10shot_finetune_base_inc_frozen	cifar100	./data	64	10	0.01	Cosine	[60, 70]	40	0.0005	0.9	1.0	128	65536	0.999	0.07	0.0	2	./checkpoint/moco_v3.pth	vit-b16	1	5	5	-1	60	False	100	15	8	2	3	0	False	pytorch	nccl	None	5	0	12	[]	0	1	-1	1	False	True	True	False	100	9	checkpoint/cifar100_baseline_10way10shot_finetune_base_inc_frozen	[224, 224]
0.0	42.33	16.93	[87.06, 5.75, 0.97, 0.83, 0.01, 0.0, 0.0, 0.0, 0.0]	[nan, 88.27, 72.6, 44.91, 43.0, 43.73, 43.45, 40.34, 42.33]	[87.06, 12.1, 11.2, 9.64, 10.75, 12.86, 14.48, 14.86, 16.93]	cifar100_baseline_10way10shot_finetune_base_inc_frozen	cifar100	./data	64	15	0.01	Cosine	[60, 70]	40	0.0005	0.9	1.0	128	65536	0.999	0.07	0.0	2	./checkpoint/moco_v3.pth	vit-b16	1	5	5	-1	60	False	100	15	8	2	3	0	False	pytorch	nccl	None	5	0	10	[]	0	1	-1	1	False	False	True	False	100	9	checkpoint/cifar100_baseline_10way10shot_finetune_base_inc_frozen	[224, 224]
87.56	5.6	54.77	[91.28, 88.27, 88.27, 88.12, 88.12, 87.84, 87.84, 87.84, 87.56]	[nan, 5.07, 2.83, 5.07, 4.6, 5.95, 4.97, 4.69, 5.6]	[91.28, 81.87, 76.06, 71.51, 67.24, 63.76, 60.22, 57.21, 54.77]	cifar100_baseline_10way10shot_finetune_base_inc_frozen	cifar100	./data	64	20	0.01	Cosine	[60, 70]	40	0.0005	0.9	1.0	128	65536	0.999	0.07	0.0	2	./checkpoint/moco_v3.pth	vit-b16	1	5	5	-1	60	False	100	15	8	2	3	0	False	pytorch	nccl	None	5	0	4	[]	0	1	-1	1	False	True	True	False	100	9	checkpoint/cifar100_baseline_10way10shot_finetune_base_inc_frozen	[224, 224]
0.0	20.85	8.34	[57.92, 0.0, 0.0, 0.0, 0.0, 0.0, 0.0, 0.0, 0.0]	[nan, 73.27, 42.37, 30.09, 24.1, 23.35, 22.56, 19.91, 20.85]	[57.92, 5.63, 6.05, 6.02, 6.02, 6.87, 7.52, 7.34, 8.34]	cifar100_baseline_10way10shot_finetune_base_inc_frozen	cifar100	./data	64	20	0.001	Cosine	[60, 70]	40	0.0005	0.9	1.0	128	65536	0.999	0.07	0.0	2	./checkpoint/moco_v3.pth	vit-b16	1	5	5	-1	60	False	100	15	8	2	3	0	False	pytorch	nccl	None	5	0	2	[]	0	1	-1	1	False	False	False	False	100	9	checkpoint/cifar100_baseline_10way10shot_finetune_base_inc_frozen	[224, 224]
5.23	6.07	5.56	[27.03, 9.66, 9.65, 7.53, 7.51, 7.41, 7.41, 7.41, 5.23]	[nan, 0.8, 0.53, 6.4, 4.85, 4.13, 3.44, 2.97, 6.07]	[27.03, 8.98, 8.35, 7.3, 6.85, 6.44, 6.09, 5.77, 5.56]	cifar100_baseline_10way10shot_finetune_base_inc_frozen	cifar100	./data	64	10	0.001	Cosine	[60, 70]	40	0.0005	0.9	1.0	128	65536	0.999	0.07	0.0	2	./checkpoint/moco_v3.pth	vit-b16	1	5	5	-1	60	False	100	15	8	2	3	0	False	pytorch	nccl	None	5	0	8	[]	0	1	-1	1	False	True	True	False	100	9	checkpoint/cifar100_baseline_10way10shot_finetune_base_inc_frozen	[224, 224]
0.0	38.49	15.39	[90.28, 2.9, 0.42, 0.1, 0.01, 0.0, 0.0, 0.0, 0.0]	[nan, 84.4, 66.97, 42.22, 42.37, 41.35, 39.74, 36.17, 38.49]	[90.28, 9.18, 9.93, 8.53, 10.6, 12.16, 13.25, 13.33, 15.39]	cifar100_baseline_10way10shot_finetune_base_inc_frozen	cifar100	./data	64	20	0.01	Cosine	[60, 70]	40	0.0005	0.9	1.0	128	65536	0.999	0.07	0.0	2	./checkpoint/moco_v3.pth	vit-b16	1	5	5	-1	60	False	100	15	8	2	3	0	False	pytorch	nccl	None	5	0	-1	[]	0	1	-1	1	False	False	False	False	100	9	checkpoint/cifar100_baseline_10way10shot_finetune_base_inc_frozen	[224, 224]
0.9	3.83	2.07	[6.57, 2.44, 1.79, 1.68, 1.68, 1.6, 1.57, 1.42, 0.9]	[nan, 9.67, 8.03, 7.25, 5.43, 4.64, 3.99, 3.61, 3.83]	[6.57, 3.0, 2.69, 2.79, 2.61, 2.5, 2.38, 2.22, 2.07]	cifar100_baseline_10way10shot_finetune_base_inc_frozen	cifar100	./data	64	10	0.001	Cosine	[60, 70]	40	0.0005	0.9	1.0	128	65536	0.999	0.07	0.0	2	./checkpoint/moco_v3.pth	vit-b16	1	5	5	-1	60	False	100	15	8	2	3	0	False	pytorch	nccl	None	5	0	-1	[]	0	1	-1	1	False	True	False	False	100	9	checkpoint/cifar100_baseline_10way10shot_finetune_base_inc_frozen	[224, 224]
0.0	43.2	17.28	[91.11, 4.81, 0.32, 0.29, 0.08, 0.0, 0.0, 0.0, 0.0]	[nan, 88.47, 71.87, 50.22, 49.47, 47.27, 45.98, 40.14, 43.2]	[91.11, 11.24, 10.54, 10.27, 12.43, 13.9, 15.33, 14.79, 17.28]	cifar100_baseline_10way10shot_finetune_base_inc_frozen	cifar100	./data	64	20	0.01	Cosine	[60, 70]	40	0.0005	0.9	1.0	128	65536	0.999	0.07	0.0	2	./checkpoint/moco_v3.pth	vit-b16	1	5	5	-1	60	False	100	15	8	2	3	0	False	pytorch	nccl	None	5	0	4	[]	0	1	-1	1	False	False	True	False	100	9	checkpoint/cifar100_baseline_10way10shot_finetune_base_inc_frozen	[224, 224]
0.0	18.95	7.58	[48.54, 0.0, 0.0, 0.0, 0.0, 0.0, 0.0, 0.0, 0.0]	[nan, 43.8, 30.0, 20.0, 16.4, 14.2, 16.9, 17.03, 18.95]	[48.54, 3.37, 4.29, 4.0, 4.1, 4.18, 5.63, 6.27, 7.58]	cifar100_baseline_10way10shot_finetune_base_inc_frozen	cifar100	./data	64	20	0.01	Cosine	[60, 70]	40	0.0005	0.9	1.0	128	65536	0.999	0.07	0.0	2	./checkpoint/moco_v3.pth	vit-b16	1	5	5	-1	60	False	100	15	8	2	3	0	False	pytorch	nccl	None	5	0	12	[]	0	1	-1	1	False	False	False	False	100	9	checkpoint/cifar100_baseline_10way10shot_finetune_base_inc_frozen	[224, 224]
12.62	17.6	14.61	[44.29, 19.25, 19.23, 18.23, 18.23, 18.1, 17.98, 17.05, 12.62]	[nan, 39.8, 25.3, 19.07, 15.15, 12.48, 14.37, 15.03, 17.6]	[44.29, 20.83, 20.1, 18.4, 17.46, 16.45, 16.78, 16.31, 14.61]	cifar100_baseline_10way10shot_finetune_base_inc_frozen	cifar100	./data	64	15	0.001	Cosine	[60, 70]	40	0.0005	0.9	1.0	128	65536	0.999	0.07	0.0	2	./checkpoint/moco_v3.pth	vit-b16	1	5	5	-1	60	False	100	15	8	2	3	0	False	pytorch	nccl	None	5	0	12	[]	0	1	-1	1	False	True	True	False	100	9	checkpoint/cifar100_baseline_10way10shot_finetune_base_inc_frozen	[224, 224]
0.0	37.78	15.11	[91.24, 3.02, 0.38, 0.38, 0.0, 0.0, 0.0, 0.0, 0.0]	[nan, 82.87, 64.7, 44.53, 41.13, 40.43, 38.81, 34.54, 37.78]	[91.24, 9.16, 9.57, 9.21, 10.28, 11.89, 12.94, 12.73, 15.11]	cifar100_baseline_10way10shot_finetune_base_inc_frozen	cifar100	./data	64	20	0.01	Cosine	[60, 70]	40	0.0005	0.9	1.0	128	65536	0.999	0.07	0.0	2	./checkpoint/moco_v3.pth	vit-b16	1	5	5	-1	60	False	100	15	8	2	3	0	False	pytorch	nccl	None	5	0	4	[]	0	1	-1	1	False	False	False	False	100	9	checkpoint/cifar100_baseline_10way10shot_finetune_base_inc_frozen	[224, 224]
12.62	17.6	14.61	[48.06, 19.25, 19.23, 18.23, 18.23, 18.1, 17.98, 17.05, 12.62]	[nan, 39.8, 25.3, 19.07, 15.15, 12.48, 14.37, 15.03, 17.6]	[48.06, 20.83, 20.1, 18.4, 17.46, 16.45, 16.78, 16.31, 14.61]	cifar100_baseline_10way10shot_finetune_base_inc_frozen	cifar100	./data	64	20	0.01	Cosine	[60, 70]	40	0.0005	0.9	1.0	128	65536	0.999	0.07	0.0	2	./checkpoint/moco_v3.pth	vit-b16	1	5	5	-1	60	False	100	15	8	2	3	0	False	pytorch	nccl	None	5	0	12	[]	0	1	-1	1	False	True	False	False	100	9	checkpoint/cifar100_baseline_10way10shot_finetune_base_inc_frozen	[224, 224]
5.66	2.58	4.43	[19.94, 7.47, 7.47, 7.41, 7.41, 7.38, 7.38, 7.38, 5.66]	[nan, 0.0, 0.0, 0.73, 0.62, 0.53, 0.44, 0.38, 2.58]	[19.94, 6.9, 6.4, 6.07, 5.71, 5.36, 5.07, 4.8, 4.43]	cifar100_baseline_10way10shot_finetune_base_inc_frozen	cifar100	./data	64	15	0.001	Cosine	[60, 70]	40	0.0005	0.9	1.0	128	65536	0.999	0.07	0.0	2	./checkpoint/moco_v3.pth	vit-b16	1	5	5	-1	60	False	100	15	8	2	3	0	False	pytorch	nccl	None	5	0	11	[]	0	1	-1	1	False	True	True	False	100	9	checkpoint/cifar100_baseline_10way10shot_finetune_base_inc_frozen	[224, 224]
0.0	37.98	15.19	[89.83, 3.08, 0.2, 0.04, 0.0, 0.0, 0.0, 0.0, 0.0]	[nan, 83.27, 64.23, 44.06, 42.5, 41.44, 40.8, 35.85, 37.98]	[89.83, 9.25, 9.35, 8.85, 10.62, 12.19, 13.6, 13.21, 15.19]	cifar100_baseline_10way10shot_finetune_base_inc_frozen	cifar100	./data	64	15	0.01	Cosine	[60, 70]	40	0.0005	0.9	1.0	128	65536	0.999	0.07	0.0	2	./checkpoint/moco_v3.pth	vit-b16	1	5	5	-1	60	False	100	15	8	2	3	0	False	pytorch	nccl	None	5	0	-1	[]	0	1	-1	1	False	False	False	False	100	9	checkpoint/cifar100_baseline_10way10shot_finetune_base_inc_frozen	[224, 224]
26.58	7.76	19.05	[57.23, 30.58, 30.58, 30.48, 30.48, 30.45, 30.45, 30.37, 26.58]	[nan, 11.67, 5.83, 7.04, 5.33, 4.92, 4.1, 3.41, 7.76]	[57.23, 29.12, 27.04, 25.79, 24.19, 22.94, 21.67, 20.44, 19.05]	cifar100_baseline_10way10shot_finetune_base_inc_frozen	cifar100	./data	64	20	0.001	Cosine	[60, 70]	40	0.0005	0.9	1.0	128	65536	0.999	0.07	0.0	2	./checkpoint/moco_v3.pth	vit-b16	1	5	5	-1	60	False	100	15	8	2	3	0	False	pytorch	nccl	None	5	0	8	[]	0	1	-1	1	False	True	True	False	100	9	checkpoint/cifar100_baseline_10way10shot_finetune_base_inc_frozen	[224, 224]
7.76	2.58	5.68	[29.11, 9.51, 9.51, 9.51, 9.51, 9.51, 9.51, 9.51, 7.76]	[nan, 0.0, 0.0, 0.18, 0.13, 0.11, 0.09, 0.08, 2.58]	[29.11, 8.78, 8.15, 7.64, 7.16, 6.74, 6.37, 6.03, 5.68]	cifar100_baseline_10way10shot_finetune_base_inc_frozen	cifar100	./data	64	15	0.001	Cosine	[60, 70]	40	0.0005	0.9	1.0	128	65536	0.999	0.07	0.0	2	./checkpoint/moco_v3.pth	vit-b16	1	5	5	-1	60	False	100	15	8	2	3	0	False	pytorch	nccl	None	5	0	10	[]	0	1	-1	1	False	True	True	False	100	9	checkpoint/cifar100_baseline_10way10shot_finetune_base_inc_frozen	[224, 224]
12.62	17.6	14.61	[25.6, 19.25, 19.23, 18.23, 18.23, 18.1, 17.98, 17.05, 12.62]	[nan, 39.8, 25.3, 19.07, 15.15, 12.48, 14.37, 15.03, 17.6]	[25.6, 20.83, 20.1, 18.4, 17.46, 16.45, 16.78, 16.31, 14.61]	cifar100_baseline_10way10shot_finetune_base_inc_frozen	cifar100	./data	64	10	0.001	Cosine	[60, 70]	40	0.0005	0.9	1.0	128	65536	0.999	0.07	0.0	2	./checkpoint/moco_v3.pth	vit-b16	1	5	5	-1	60	False	100	15	8	2	3	0	False	pytorch	nccl	None	5	0	12	[]	0	1	-1	1	False	True	False	False	100	9	checkpoint/cifar100_baseline_10way10shot_finetune_base_inc_frozen	[224, 224]
0.0	21.01	8.4	[45.15, 0.0, 0.0, 0.0, 0.0, 0.0, 0.0, 0.0, 0.0]	[nan, 77.33, 43.63, 27.49, 22.18, 21.68, 20.01, 18.89, 21.01]	[45.15, 5.95, 6.23, 5.5, 5.54, 6.38, 6.67, 6.96, 8.4]	cifar100_baseline_10way10shot_finetune_base_inc_frozen	cifar100	./data	64	15	0.001	Cosine	[60, 70]	40	0.0005	0.9	1.0	128	65536	0.999	0.07	0.0	2	./checkpoint/moco_v3.pth	vit-b16	1	5	5	-1	60	False	100	15	8	2	3	0	False	pytorch	nccl	None	5	0	8	[]	0	1	-1	1	False	False	True	False	100	9	checkpoint/cifar100_baseline_10way10shot_finetune_base_inc_frozen	[224, 224]
0.0	38.06	15.22	[89.78, 2.02, 0.15, 0.13, 0.03, 0.01, 0.0, 0.0, 0.0]	[nan, 85.13, 65.5, 42.49, 40.02, 40.89, 39.91, 35.6, 38.06]	[89.78, 8.41, 9.49, 8.6, 10.02, 12.03, 13.3, 13.12, 15.22]	cifar100_baseline_10way10shot_finetune_base_inc_frozen	cifar100	./data	64	20	0.01	Cosine	[60, 70]	40	0.0005	0.9	1.0	128	65536	0.999	0.07	0.0	2	./checkpoint/moco_v3.pth	vit-b16	1	5	5	-1	60	False	100	15	8	2	3	0	False	pytorch	nccl	None	5	0	8	[]	0	1	-1	1	False	False	False	False	100	9	checkpoint/cifar100_baseline_10way10shot_finetune_base_inc_frozen	[224, 224]
0.0	15.6	6.24	[37.34, 0.6, 0.34, 0.34, 0.16, 0.0, 0.0, 0.0, 0.0]	[nan, 65.33, 36.53, 25.76, 21.52, 18.28, 16.08, 14.49, 15.6]	[37.34, 5.58, 5.51, 5.43, 5.49, 5.38, 5.36, 5.34, 6.24]	cifar100_baseline_10way10shot_finetune_base_inc_frozen	cifar100	./data	64	20	0.001	Cosine	[60, 70]	40	0.0005	0.9	1.0	128	65536	0.999	0.07	0.0	2	./checkpoint/moco_v3.pth	vit-b16	1	5	5	-1	60	False	100	15	8	2	3	0	False	pytorch	nccl	None	5	0	6	[]	0	1	-1	1	False	False	False	False	100	9	checkpoint/cifar100_baseline_10way10shot_finetune_base_inc_frozen	[224, 224]
0.0	32.84	13.14	[83.66, 0.38, 0.17, 0.17, 0.0, 0.0, 0.0, 0.0, 0.0]	[nan, 87.0, 60.27, 37.27, 33.83, 35.08, 34.97, 31.19, 32.84]	[83.66, 7.05, 8.76, 7.59, 8.46, 10.32, 11.65, 11.49, 13.14]	cifar100_baseline_10way10shot_finetune_base_inc_frozen	cifar100	./data	64	10	0.01	Cosine	[60, 70]	40	0.0005	0.9	1.0	128	65536	0.999	0.07	0.0	2	./checkpoint/moco_v3.pth	vit-b16	1	5	5	-1	60	False	100	15	8	2	3	0	False	pytorch	nccl	None	5	0	10	[]	0	1	-1	1	False	False	False	False	100	9	checkpoint/cifar100_baseline_10way10shot_finetune_base_inc_frozen	[224, 224]
0.0	39.85	15.94	[87.88, 0.98, 0.03, 0.01, 0.0, 0.0, 0.0, 0.0, 0.0]	[nan, 87.67, 68.03, 42.22, 39.55, 40.45, 40.73, 37.64, 39.85]	[87.88, 7.65, 9.75, 8.45, 9.88, 11.9, 13.58, 13.87, 15.94]	cifar100_baseline_10way10shot_finetune_base_inc_frozen	cifar100	./data	64	20	0.01	Cosine	[60, 70]	40	0.0005	0.9	1.0	128	65536	0.999	0.07	0.0	2	./checkpoint/moco_v3.pth	vit-b16	1	5	5	-1	60	False	100	15	8	2	3	0	False	pytorch	nccl	None	5	0	10	[]	0	1	-1	1	False	False	False	False	100	9	checkpoint/cifar100_baseline_10way10shot_finetune_base_inc_frozen	[224, 224]
49.71	0.06	29.85	[49.73, 49.71, 49.71, 49.71, 49.71, 49.71, 49.71, 49.71, 49.71]	[nan, 0.0, 0.0, 0.0, 0.0, 0.0, 0.0, 0.06, 0.06]	[49.73, 45.89, 42.61, 39.77, 37.28, 35.09, 33.14, 31.42, 29.85]	cifar100_baseline_10way10shot_finetune_base_inc_frozen	cifar100	./data	64	20	0.01	Cosine	[60, 70]	40	0.0005	0.9	1.0	128	65536	0.999	0.07	0.0	2	./checkpoint/moco_v3.pth	vit-b16	1	5	5	-1	60	False	100	15	8	2	3	0	False	pytorch	nccl	None	5	0	12	[]	0	1	-1	1	False	False	True	False	100	9	checkpoint/cifar100_baseline_10way10shot_finetune_base_inc_frozen	[224, 224]
49.49	0.03	29.7	[49.49, 49.49, 49.49, 49.49, 49.49, 49.49, 49.49, 49.49, 49.49]	[nan, 0.0, 0.0, 0.0, 0.0, 0.0, 0.0, 0.03, 0.03]	[49.49, 45.68, 42.42, 39.59, 37.12, 34.93, 32.99, 31.27, 29.7]	cifar100_baseline_10way10shot_finetune_base_inc_frozen	cifar100	./data	64	15	0.01	Cosine	[60, 70]	40	0.0005	0.9	1.0	128	65536	0.999	0.07	0.0	2	./checkpoint/moco_v3.pth	vit-b16	1	5	5	-1	60	False	100	15	8	2	3	0	False	pytorch	nccl	None	5	0	12	[]	0	1	-1	1	False	False	True	False	100	9	checkpoint/cifar100_baseline_10way10shot_finetune_base_inc_frozen	[224, 224]
0.0	6.78	2.71	[9.2, 0.0, 0.0, 0.0, 0.0, 0.0, 0.0, 0.0, 0.0]	[nan, 41.4, 20.03, 14.49, 11.72, 9.41, 8.38, 7.56, 6.78]	[9.2, 3.19, 2.86, 2.9, 2.93, 2.77, 2.8, 2.78, 2.71]	cifar100_baseline_10way10shot_finetune_base_inc_frozen	cifar100	./data	64	10	0.001	Cosine	[60, 70]	40	0.0005	0.9	1.0	128	65536	0.999	0.07	0.0	2	./checkpoint/moco_v3.pth	vit-b16	1	5	5	-1	60	False	100	15	8	2	3	0	False	pytorch	nccl	None	5	0	-1	[]	0	1	-1	1	False	False	False	False	100	9	checkpoint/cifar100_baseline_10way10shot_finetune_base_inc_frozen	[224, 224]
9.14	7.51	8.49	[35.22, 13.45, 13.45, 12.63, 12.6, 12.57, 12.57, 12.57, 9.14]	[nan, 3.13, 1.57, 6.24, 4.87, 4.27, 3.55, 3.08, 7.51]	[35.22, 12.66, 11.75, 11.36, 10.67, 10.13, 9.57, 9.07, 8.49]	cifar100_baseline_10way10shot_finetune_base_inc_frozen	cifar100	./data	64	10	0.001	Cosine	[60, 70]	40	0.0005	0.9	1.0	128	65536	0.999	0.07	0.0	2	./checkpoint/moco_v3.pth	vit-b16	1	5	5	-1	60	False	100	15	8	2	3	0	False	pytorch	nccl	None	5	0	6	[]	0	1	-1	1	False	True	True	False	100	9	checkpoint/cifar100_baseline_10way10shot_finetune_base_inc_frozen	[224, 224]
0.0	36.58	14.63	[90.22, 2.99, 0.27, 0.26, 0.0, 0.0, 0.0, 0.0, 0.0]	[nan, 84.87, 63.87, 42.73, 40.53, 39.77, 38.2, 33.96, 36.58]	[90.22, 9.29, 9.36, 8.75, 10.13, 11.7, 12.73, 12.51, 14.63]	cifar100_baseline_10way10shot_finetune_base_inc_frozen	cifar100	./data	64	20	0.01	Cosine	[60, 70]	40	0.0005	0.9	1.0	128	65536	0.999	0.07	0.0	2	./checkpoint/moco_v3.pth	vit-b16	1	5	5	-1	60	False	100	15	8	2	3	0	False	pytorch	nccl	None	5	0	6	[]	0	1	-1	1	False	False	False	False	100	9	checkpoint/cifar100_baseline_10way10shot_finetune_base_inc_frozen	[224, 224]
0.0	25.67	10.27	[64.99, 0.0, 0.0, 0.0, 0.0, 0.0, 0.0, 0.0, 0.0]	[nan, 82.8, 52.23, 37.38, 32.97, 33.04, 31.79, 26.86, 25.67]	[64.99, 6.37, 7.46, 7.47, 8.24, 9.72, 10.6, 9.89, 10.27]	cifar100_baseline_10way10shot_finetune_base_inc_frozen	cifar100	./data	64	20	0.001	Cosine	[60, 70]	40	0.0005	0.9	1.0	128	65536	0.999	0.07	0.0	2	./checkpoint/moco_v3.pth	vit-b16	1	5	5	-1	60	False	100	15	8	2	3	0	False	pytorch	nccl	None	5	0	6	[]	0	1	-1	1	False	False	True	False	100	9	checkpoint/cifar100_baseline_10way10shot_finetune_base_inc_frozen	[224, 224]
0.0	41.52	16.61	[90.18, 6.72, 0.31, 0.13, 0.06, 0.0, 0.0, 0.0, 0.0]	[nan, 86.73, 71.7, 47.87, 46.7, 45.69, 44.89, 39.45, 41.52]	[90.18, 12.87, 10.51, 9.68, 11.72, 13.44, 14.96, 14.54, 16.61]	cifar100_baseline_10way10shot_finetune_base_inc_frozen	cifar100	./data	64	15	0.01	Cosine	[60, 70]	40	0.0005	0.9	1.0	128	65536	0.999	0.07	0.0	2	./checkpoint/moco_v3.pth	vit-b16	1	5	5	-1	60	False	100	15	8	2	3	0	False	pytorch	nccl	None	5	0	-1	[]	0	1	-1	1	False	False	True	False	100	9	checkpoint/cifar100_baseline_10way10shot_finetune_base_inc_frozen	[224, 224]
82.32	4.64	51.24	[89.79, 82.85, 82.85, 82.73, 82.73, 82.62, 82.62, 82.61, 82.32]	[nan, 6.53, 3.4, 5.73, 4.38, 4.85, 4.06, 4.12, 4.64]	[89.79, 76.98, 71.51, 67.33, 63.14, 59.74, 56.43, 53.69, 51.24]	cifar100_baseline_10way10shot_finetune_base_inc_frozen	cifar100	./data	64	15	0.01	Cosine	[60, 70]	40	0.0005	0.9	1.0	128	65536	0.999	0.07	0.0	2	./checkpoint/moco_v3.pth	vit-b16	1	5	5	-1	60	False	100	15	8	2	3	0	False	pytorch	nccl	None	5	0	-1	[]	0	1	-1	1	False	True	False	False	100	9	checkpoint/cifar100_baseline_10way10shot_finetune_base_inc_frozen	[224, 224]
0.0	16.81	6.72	[36.84, 0.0, 0.0, 0.0, 0.0, 0.0, 0.0, 0.0, 0.0]	[nan, 64.2, 37.43, 25.0, 21.02, 19.73, 18.72, 16.45, 16.81]	[36.84, 4.94, 5.35, 5.0, 5.25, 5.81, 6.24, 6.06, 6.72]	cifar100_baseline_10way10shot_finetune_base_inc_frozen	cifar100	./data	64	20	0.001	Cosine	[60, 70]	40	0.0005	0.9	1.0	128	65536	0.999	0.07	0.0	2	./checkpoint/moco_v3.pth	vit-b16	1	5	5	-1	60	False	100	15	8	2	3	0	False	pytorch	nccl	None	5	0	-1	[]	0	1	-1	1	False	False	False	False	100	9	checkpoint/cifar100_baseline_10way10shot_finetune_base_inc_frozen	[224, 224]
0.0	37.03	14.81	[88.61, 2.57, 0.67, 0.55, 0.02, 0.0, 0.0, 0.0, 0.0]	[nan, 84.87, 63.63, 41.87, 40.02, 41.01, 39.83, 35.21, 37.03]	[88.61, 8.9, 9.66, 8.81, 10.02, 12.06, 13.28, 12.97, 14.81]	cifar100_baseline_10way10shot_finetune_base_inc_frozen	cifar100	./data	64	10	0.01	Cosine	[60, 70]	40	0.0005	0.9	1.0	128	65536	0.999	0.07	0.0	2	./checkpoint/moco_v3.pth	vit-b16	1	5	5	-1	60	False	100	15	8	2	3	0	False	pytorch	nccl	None	5	0	6	[]	0	1	-1	1	False	False	False	False	100	9	checkpoint/cifar100_baseline_10way10shot_finetune_base_inc_frozen	[224, 224]
81.84	4.61	50.95	[89.87, 82.81, 82.81, 82.55, 82.55, 82.52, 82.52, 82.48, 81.84]	[nan, 4.67, 2.7, 5.44, 4.4, 4.32, 3.6, 3.5, 4.61]	[89.87, 76.79, 71.36, 67.13, 63.01, 59.52, 56.21, 53.38, 50.95]	cifar100_baseline_10way10shot_finetune_base_inc_frozen	cifar100	./data	64	20	0.01	Cosine	[60, 70]	40	0.0005	0.9	1.0	128	65536	0.999	0.07	0.0	2	./checkpoint/moco_v3.pth	vit-b16	1	5	5	-1	60	False	100	15	8	2	3	0	False	pytorch	nccl	None	5	0	8	[]	0	1	-1	1	False	True	True	False	100	9	checkpoint/cifar100_baseline_10way10shot_finetune_base_inc_frozen	[224, 224]
31.59	7.48	21.94	[62.72, 36.25, 36.25, 36.21, 36.2, 35.98, 35.89, 35.48, 31.59]	[nan, 10.8, 5.43, 4.47, 3.43, 3.76, 3.37, 3.04, 7.48]	[62.72, 34.3, 31.85, 29.86, 28.01, 26.51, 25.05, 23.53, 21.94]	cifar100_baseline_10way10shot_finetune_base_inc_frozen	cifar100	./data	64	15	0.001	Cosine	[60, 70]	40	0.0005	0.9	1.0	128	65536	0.999	0.07	0.0	2	./checkpoint/moco_v3.pth	vit-b16	1	5	5	-1	60	False	100	15	8	2	3	0	False	pytorch	nccl	None	5	0	-1	[]	0	1	-1	1	False	True	True	False	100	9	checkpoint/cifar100_baseline_10way10shot_finetune_base_inc_frozen	[224, 224]
2.48	2.44	2.46	[12.66, 4.11, 4.11, 4.1, 4.1, 4.1, 4.1, 4.1, 2.48]	[nan, 1.87, 0.93, 0.67, 0.5, 0.4, 0.33, 0.29, 2.44]	[12.66, 3.94, 3.66, 3.42, 3.2, 3.01, 2.85, 2.7, 2.46]	cifar100_baseline_10way10shot_finetune_base_inc_frozen	cifar100	./data	64	15	0.001	Cosine	[60, 70]	40	0.0005	0.9	1.0	128	65536	0.999	0.07	0.0	2	./checkpoint/moco_v3.pth	vit-b16	1	5	5	-1	60	False	100	15	8	2	3	0	False	pytorch	nccl	None	5	0	10	[]	0	1	-1	1	False	True	False	False	100	9	checkpoint/cifar100_baseline_10way10shot_finetune_base_inc_frozen	[224, 224]
71.7	6.79	45.73	[87.68, 74.69, 74.6, 74.3, 74.3, 74.2, 74.2, 74.16, 71.7]	[nan, 9.47, 5.8, 6.98, 5.37, 5.24, 4.37, 4.17, 6.79]	[87.68, 69.67, 64.77, 60.84, 57.07, 53.92, 50.92, 48.38, 45.73]	cifar100_baseline_10way10shot_finetune_base_inc_frozen	cifar100	./data	64	20	0.01	Cosine	[60, 70]	40	0.0005	0.9	1.0	128	65536	0.999	0.07	0.0	2	./checkpoint/moco_v3.pth	vit-b16	1	5	5	-1	60	False	100	15	8	2	3	0	False	pytorch	nccl	None	5	0	10	[]	0	1	-1	1	False	True	False	False	100	9	checkpoint/cifar100_baseline_10way10shot_finetune_base_inc_frozen	[224, 224]
12.62	17.6	14.61	[45.97, 19.25, 19.23, 18.23, 18.23, 18.1, 17.98, 17.05, 12.62]	[nan, 39.8, 25.3, 19.07, 15.15, 12.48, 14.37, 15.03, 17.6]	[45.97, 20.83, 20.1, 18.4, 17.46, 16.45, 16.78, 16.31, 14.61]	cifar100_baseline_10way10shot_finetune_base_inc_frozen	cifar100	./data	64	20	0.001	Cosine	[60, 70]	40	0.0005	0.9	1.0	128	65536	0.999	0.07	0.0	2	./checkpoint/moco_v3.pth	vit-b16	1	5	5	-1	60	False	100	15	8	2	3	0	False	pytorch	nccl	None	5	0	12	[]	0	1	-1	1	False	True	True	False	100	9	checkpoint/cifar100_baseline_10way10shot_finetune_base_inc_frozen	[224, 224]
67.47	10.21	44.57	[86.24, 70.31, 69.86, 69.07, 69.04, 68.93, 68.93, 68.9, 67.47]	[nan, 8.73, 7.7, 12.98, 11.8, 10.47, 8.83, 8.39, 10.21]	[86.24, 65.57, 60.98, 57.85, 54.73, 51.73, 48.9, 46.61, 44.57]	cifar100_baseline_10way10shot_finetune_base_inc_frozen	cifar100	./data	64	20	0.01	Cosine	[60, 70]	40	0.0005	0.9	1.0	128	65536	0.999	0.07	0.0	2	./checkpoint/moco_v3.pth	vit-b16	1	5	5	-1	60	False	100	15	8	2	3	0	False	pytorch	nccl	None	5	0	11	[]	0	1	-1	1	False	True	False	False	100	9	checkpoint/cifar100_baseline_10way10shot_finetune_base_inc_frozen	[224, 224]
27.56	6.95	19.32	[58.5, 31.58, 31.58, 31.57, 31.56, 31.51, 31.51, 31.38, 27.56]	[nan, 8.6, 4.3, 3.22, 2.55, 2.56, 2.14, 1.94, 6.95]	[58.5, 29.81, 27.69, 25.9, 24.31, 22.99, 21.72, 20.54, 19.32]	cifar100_baseline_10way10shot_finetune_base_inc_frozen	cifar100	./data	64	15	0.001	Cosine	[60, 70]	40	0.0005	0.9	1.0	128	65536	0.999	0.07	0.0	2	./checkpoint/moco_v3.pth	vit-b16	1	5	5	-1	60	False	100	15	8	2	3	0	False	pytorch	nccl	None	5	0	4	[]	0	1	-1	1	False	True	True	False	100	9	checkpoint/cifar100_baseline_10way10shot_finetune_base_inc_frozen	[224, 224]
0.0	3.73	1.49	[8.18, 0.0, 0.0, 0.0, 0.0, 0.0, 0.0, 0.0, 0.0]	[nan, 30.33, 14.07, 9.87, 7.4, 5.92, 4.84, 4.14, 3.73]	[8.18, 2.33, 2.01, 1.97, 1.85, 1.74, 1.61, 1.52, 1.49]	cifar100_baseline_10way10shot_finetune_base_inc_frozen	cifar100	./data	64	10	0.001	Cosine	[60, 70]	40	0.0005	0.9	1.0	128	65536	0.999	0.07	0.0	2	./checkpoint/moco_v3.pth	vit-b16	1	5	5	-1	60	False	100	15	8	2	3	0	False	pytorch	nccl	None	5	0	10	[]	0	1	-1	1	False	False	False	False	100	9	checkpoint/cifar100_baseline_10way10shot_finetune_base_inc_frozen	[224, 224]
0.0	24.59	9.84	[58.56, 0.0, 0.0, 0.0, 0.0, 0.0, 0.0, 0.0, 0.0]	[nan, 84.07, 50.1, 37.36, 32.63, 32.67, 30.94, 25.96, 24.59]	[58.56, 6.47, 7.16, 7.47, 8.16, 9.61, 10.31, 9.57, 9.84]	cifar100_baseline_10way10shot_finetune_base_inc_frozen	cifar100	./data	64	15	0.001	Cosine	[60, 70]	40	0.0005	0.9	1.0	128	65536	0.999	0.07	0.0	2	./checkpoint/moco_v3.pth	vit-b16	1	5	5	-1	60	False	100	15	8	2	3	0	False	pytorch	nccl	None	5	0	4	[]	0	1	-1	1	False	False	True	False	100	9	checkpoint/cifar100_baseline_10way10shot_finetune_base_inc_frozen	[224, 224]
2.92	4.82	3.68	[17.25, 6.07, 6.06, 4.75, 4.75, 4.74, 4.74, 4.57, 2.92]	[nan, 1.13, 0.6, 6.11, 4.62, 3.81, 3.18, 3.11, 4.82]	[17.25, 5.69, 5.28, 5.02, 4.71, 4.47, 4.22, 4.03, 3.68]	cifar100_baseline_10way10shot_finetune_base_inc_frozen	cifar100	./data	64	15	0.001	Cosine	[60, 70]	40	0.0005	0.9	1.0	128	65536	0.999	0.07	0.0	2	./checkpoint/moco_v3.pth	vit-b16	1	5	5	-1	60	False	100	15	8	2	3	0	False	pytorch	nccl	None	5	0	8	[]	0	1	-1	1	False	True	False	False	100	9	checkpoint/cifar100_baseline_10way10shot_finetune_base_inc_frozen	[224, 224]
82.03	3.58	50.65	[89.88, 83.39, 83.39, 83.21, 83.21, 83.17, 83.17, 83.16, 82.03]	[nan, 0.2, 0.13, 3.13, 2.37, 2.64, 2.2, 2.19, 3.58]	[89.88, 76.98, 71.49, 67.2, 63.0, 59.48, 56.18, 53.33, 50.65]	cifar100_baseline_10way10shot_finetune_base_inc_frozen	cifar100	./data	64	15	0.01	Cosine	[60, 70]	40	0.0005	0.9	1.0	128	65536	0.999	0.07	0.0	2	./checkpoint/moco_v3.pth	vit-b16	1	5	5	-1	60	False	100	15	8	2	3	0	False	pytorch	nccl	None	5	0	6	[]	0	1	-1	1	False	True	False	False	100	9	checkpoint/cifar100_baseline_10way10shot_finetune_base_inc_frozen	[224, 224]
0.0	40.95	16.38	[86.28, 1.2, 0.23, 0.13, 0.01, 0.0, 0.0, 0.0, 0.0]	[nan, 85.87, 67.37, 39.24, 40.13, 41.85, 42.97, 39.43, 40.95]	[86.28, 7.71, 9.82, 7.95, 10.04, 12.31, 14.32, 14.52, 16.38]	cifar100_baseline_10way10shot_finetune_base_inc_frozen	cifar100	./data	64	20	0.01	Cosine	[60, 70]	40	0.0005	0.9	1.0	128	65536	0.999	0.07	0.0	2	./checkpoint/moco_v3.pth	vit-b16	1	5	5	-1	60	False	100	15	8	2	3	0	False	pytorch	nccl	None	5	0	11	[]	0	1	-1	1	False	False	False	False	100	9	checkpoint/cifar100_baseline_10way10shot_finetune_base_inc_frozen	[224, 224]
62.61	8.53	40.97	[84.82, 65.79, 65.52, 64.93, 64.89, 64.77, 64.77, 64.73, 62.61]	[nan, 7.67, 6.1, 9.4, 8.62, 7.76, 6.52, 6.15, 8.53]	[84.82, 61.32, 57.03, 53.82, 50.82, 48.0, 45.35, 43.15, 40.97]	cifar100_baseline_10way10shot_finetune_base_inc_frozen	cifar100	./data	64	15	0.01	Cosine	[60, 70]	40	0.0005	0.9	1.0	128	65536	0.999	0.07	0.0	2	./checkpoint/moco_v3.pth	vit-b16	1	5	5	-1	60	False	100	15	8	2	3	0	False	pytorch	nccl	None	5	0	11	[]	0	1	-1	1	False	True	False	False	100	9	checkpoint/cifar100_baseline_10way10shot_finetune_base_inc_frozen	[224, 224]
0.0	13.39	5.36	[31.42, 0.0, 0.0, 0.0, 0.0, 0.0, 0.0, 0.0, 0.0]	[nan, 71.8, 40.77, 29.38, 22.12, 15.27, 13.96, 12.5, 13.39]	[31.42, 5.52, 5.82, 5.88, 5.53, 4.49, 4.65, 4.61, 5.36]	cifar100_baseline_10way10shot_finetune_base_inc_frozen	cifar100	./data	64	20	0.001	Cosine	[60, 70]	40	0.0005	0.9	1.0	128	65536	0.999	0.07	0.0	2	./checkpoint/moco_v3.pth	vit-b16	1	5	5	-1	60	False	100	15	8	2	3	0	False	pytorch	nccl	None	5	0	8	[]	0	1	-1	1	False	False	False	False	100	9	checkpoint/cifar100_baseline_10way10shot_finetune_base_inc_frozen	[224, 224]
5.63	5.85	5.71	[16.28, 9.89, 9.89, 8.95, 8.94, 8.41, 8.39, 8.29, 5.63]	[nan, 8.47, 4.23, 5.13, 3.87, 4.0, 3.33, 3.09, 5.85]	[16.28, 9.78, 9.08, 8.19, 7.67, 7.11, 6.71, 6.38, 5.71]	cifar100_baseline_10way10shot_finetune_base_inc_frozen	cifar100	./data	64	15	0.001	Cosine	[60, 70]	40	0.0005	0.9	1.0	128	65536	0.999	0.07	0.0	2	./checkpoint/moco_v3.pth	vit-b16	1	5	5	-1	60	False	100	15	8	2	3	0	False	pytorch	nccl	None	5	0	-1	[]	0	1	-1	1	False	True	False	False	100	9	checkpoint/cifar100_baseline_10way10shot_finetune_base_inc_frozen	[224, 224]
0.0	5.54	2.22	[7.96, 0.0, 0.0, 0.0, 0.0, 0.0, 0.0, 0.0, 0.0]	[nan, 38.33, 20.27, 13.49, 10.12, 8.4, 6.95, 6.02, 5.54]	[7.96, 2.95, 2.9, 2.7, 2.53, 2.47, 2.32, 2.22, 2.22]	cifar100_baseline_10way10shot_finetune_base_inc_frozen	cifar100	./data	64	10	0.001	Cosine	[60, 70]	40	0.0005	0.9	1.0	128	65536	0.999	0.07	0.0	2	./checkpoint/moco_v3.pth	vit-b16	1	5	5	-1	60	False	100	15	8	2	3	0	False	pytorch	nccl	None	5	0	11	[]	0	1	-1	1	False	False	False	False	100	9	checkpoint/cifar100_baseline_10way10shot_finetune_base_inc_frozen	[224, 224]
0.0	31.23	12.49	[72.06, 0.06, 0.0, 0.0, 0.0, 0.0, 0.0, 0.0, 0.0]	[nan, 86.2, 59.3, 47.78, 42.27, 39.47, 38.21, 32.75, 31.23]	[72.06, 6.69, 8.47, 9.56, 10.56, 11.61, 12.74, 12.07, 12.49]	cifar100_baseline_10way10shot_finetune_base_inc_frozen	cifar100	./data	64	20	0.001	Cosine	[60, 70]	40	0.0005	0.9	1.0	128	65536	0.999	0.07	0.0	2	./checkpoint/moco_v3.pth	vit-b16	1	5	5	-1	60	False	100	15	8	2	3	0	False	pytorch	nccl	None	5	0	2	[]	0	1	-1	1	False	False	True	False	100	9	checkpoint/cifar100_baseline_10way10shot_finetune_base_inc_frozen	[224, 224]
14.91	6.09	11.38	[43.36, 19.0, 19.0, 18.51, 18.5, 17.98, 17.89, 17.85, 14.91]	[nan, 4.8, 2.43, 3.67, 2.78, 3.29, 2.84, 2.58, 6.09]	[43.36, 17.91, 16.63, 15.54, 14.57, 13.66, 12.87, 12.23, 11.38]	cifar100_baseline_10way10shot_finetune_base_inc_frozen	cifar100	./data	64	20	0.001	Cosine	[60, 70]	40	0.0005	0.9	1.0	128	65536	0.999	0.07	0.0	2	./checkpoint/moco_v3.pth	vit-b16	1	5	5	-1	60	False	100	15	8	2	3	0	False	pytorch	nccl	None	5	0	-1	[]	0	1	-1	1	False	True	False	False	100	9	checkpoint/cifar100_baseline_10way10shot_finetune_base_inc_frozen	[224, 224]
80.67	6.77	51.11	[89.52, 82.22, 82.22, 81.92, 81.92, 81.77, 81.77, 81.72, 80.67]	[nan, 4.33, 2.47, 5.87, 5.28, 5.89, 4.96, 4.76, 6.77]	[89.52, 76.23, 70.83, 66.71, 62.76, 59.45, 56.17, 53.37, 51.11]	cifar100_baseline_10way10shot_finetune_base_inc_frozen	cifar100	./data	64	10	0.01	Cosine	[60, 70]	40	0.0005	0.9	1.0	128	65536	0.999	0.07	0.0	2	./checkpoint/moco_v3.pth	vit-b16	1	5	5	-1	60	False	100	15	8	2	3	0	False	pytorch	nccl	None	5	0	6	[]	0	1	-1	1	False	True	True	False	100	9	checkpoint/cifar100_baseline_10way10shot_finetune_base_inc_frozen	[224, 224]
0.0	21.49	8.6	[39.87, 0.0, 0.0, 0.0, 0.0, 0.0, 0.0, 0.0, 0.0]	[nan, 73.93, 41.6, 30.47, 24.82, 25.24, 21.81, 20.18, 21.49]	[39.87, 5.69, 5.94, 6.09, 6.2, 7.42, 7.27, 7.44, 8.6]	cifar100_baseline_10way10shot_finetune_base_inc_frozen	cifar100	./data	64	10	0.001	Cosine	[60, 70]	40	0.0005	0.9	1.0	128	65536	0.999	0.07	0.0	2	./checkpoint/moco_v3.pth	vit-b16	1	5	5	-1	60	False	100	15	8	2	3	0	False	pytorch	nccl	None	5	0	4	[]	0	1	-1	1	False	False	True	False	100	9	checkpoint/cifar100_baseline_10way10shot_finetune_base_inc_frozen	[224, 224]
0.0	35.57	14.23	[90.1, 1.07, 0.11, 0.07, 0.01, 0.0, 0.0, 0.0, 0.0]	[nan, 83.27, 64.47, 41.84, 38.78, 39.0, 38.25, 33.49, 35.57]	[90.1, 7.39, 9.3, 8.43, 9.7, 11.47, 12.75, 12.34, 14.23]	cifar100_baseline_10way10shot_finetune_base_inc_frozen	cifar100	./data	64	15	0.01	Cosine	[60, 70]	40	0.0005	0.9	1.0	128	65536	0.999	0.07	0.0	2	./checkpoint/moco_v3.pth	vit-b16	1	5	5	-1	60	False	100	15	8	2	3	0	False	pytorch	nccl	None	5	0	6	[]	0	1	-1	1	False	False	False	False	100	9	checkpoint/cifar100_baseline_10way10shot_finetune_base_inc_frozen	[224, 224]
0.0	28.94	11.57	[69.64, 0.0, 0.0, 0.0, 0.0, 0.0, 0.0, 0.0, 0.0]	[nan, 87.0, 58.37, 44.51, 38.35, 35.96, 35.01, 30.05, 28.94]	[69.64, 6.69, 8.34, 8.9, 9.59, 10.58, 11.67, 11.07, 11.57]	cifar100_baseline_10way10shot_finetune_base_inc_frozen	cifar100	./data	64	20	0.001	Cosine	[60, 70]	40	0.0005	0.9	1.0	128	65536	0.999	0.07	0.0	2	./checkpoint/moco_v3.pth	vit-b16	1	5	5	-1	60	False	100	15	8	2	3	0	False	pytorch	nccl	None	5	0	4	[]	0	1	-1	1	False	False	True	False	100	9	checkpoint/cifar100_baseline_10way10shot_finetune_base_inc_frozen	[224, 224]
0.0	35.99	14.4	[90.8, 2.22, 0.23, 0.23, 0.05, 0.0, 0.0, 0.0, 0.0]	[nan, 82.87, 62.23, 42.07, 39.82, 39.49, 38.93, 33.33, 35.99]	[90.8, 8.42, 9.09, 8.59, 9.99, 11.61, 12.98, 12.28, 14.4]	cifar100_baseline_10way10shot_finetune_base_inc_frozen	cifar100	./data	64	15	0.01	Cosine	[60, 70]	40	0.0005	0.9	1.0	128	65536	0.999	0.07	0.0	2	./checkpoint/moco_v3.pth	vit-b16	1	5	5	-1	60	False	100	15	8	2	3	0	False	pytorch	nccl	None	5	0	4	[]	0	1	-1	1	False	False	False	False	100	9	checkpoint/cifar100_baseline_10way10shot_finetune_base_inc_frozen	[224, 224]
78.74	5.18	49.31	[89.88, 80.56, 80.56, 80.29, 80.29, 80.08, 80.08, 80.08, 78.74]	[nan, 8.47, 4.23, 5.75, 4.35, 5.0, 4.17, 3.62, 5.18]	[89.88, 75.01, 69.65, 65.38, 61.3, 58.0, 54.77, 51.91, 49.31]	cifar100_baseline_10way10shot_finetune_base_inc_frozen	cifar100	./data	64	10	0.01	Cosine	[60, 70]	40	0.0005	0.9	1.0	128	65536	0.999	0.07	0.0	2	./checkpoint/moco_v3.pth	vit-b16	1	5	5	-1	60	False	100	15	8	2	3	0	False	pytorch	nccl	None	5	0	2	[]	0	1	-1	1	False	True	False	False	100	9	checkpoint/cifar100_baseline_10way10shot_finetune_base_inc_frozen	[224, 224]
68.16	7.23	43.79	[86.53, 71.87, 71.74, 71.24, 71.24, 71.14, 71.14, 71.11, 68.16]	[nan, 7.33, 5.07, 6.69, 5.13, 5.47, 4.55, 4.2, 7.23]	[86.53, 66.91, 62.22, 58.33, 54.71, 51.83, 48.95, 46.46, 43.79]	cifar100_baseline_10way10shot_finetune_base_inc_frozen	cifar100	./data	64	15	0.01	Cosine	[60, 70]	40	0.0005	0.9	1.0	128	65536	0.999	0.07	0.0	2	./checkpoint/moco_v3.pth	vit-b16	1	5	5	-1	60	False	100	15	8	2	3	0	False	pytorch	nccl	None	5	0	10	[]	0	1	-1	1	False	True	False	False	100	9	checkpoint/cifar100_baseline_10way10shot_finetune_base_inc_frozen	[224, 224]
0.0	41.99	16.8	[90.46, 5.25, 0.58, 0.55, 0.04, 0.0, 0.0, 0.0, 0.0]	[nan, 87.87, 68.83, 45.8, 45.88, 45.79, 44.89, 39.37, 41.99]	[90.46, 11.61, 10.33, 9.6, 11.5, 13.47, 14.96, 14.51, 16.8]	cifar100_baseline_10way10shot_finetune_base_inc_frozen	cifar100	./data	64	15	0.01	Cosine	[60, 70]	40	0.0005	0.9	1.0	128	65536	0.999	0.07	0.0	2	./checkpoint/moco_v3.pth	vit-b16	1	5	5	-1	60	False	100	15	8	2	3	0	False	pytorch	nccl	None	5	0	6	[]	0	1	-1	1	False	False	True	False	100	9	checkpoint/cifar100_baseline_10way10shot_finetune_base_inc_frozen	[224, 224]
0.0	42.53	17.01	[90.3, 6.4, 0.33, 0.28, 0.02, 0.0, 0.0, 0.0, 0.0]	[nan, 89.13, 67.53, 48.69, 47.68, 45.83, 45.26, 39.64, 42.53]	[90.3, 12.76, 9.93, 9.97, 11.94, 13.48, 15.09, 14.61, 17.01]	cifar100_baseline_10way10shot_finetune_base_inc_frozen	cifar100	./data	64	10	0.01	Cosine	[60, 70]	40	0.0005	0.9	1.0	128	65536	0.999	0.07	0.0	2	./checkpoint/moco_v3.pth	vit-b16	1	5	5	-1	60	False	100	15	8	2	3	0	False	pytorch	nccl	None	5	0	4	[]	0	1	-1	1	False	False	True	False	100	9	checkpoint/cifar100_baseline_10way10shot_finetune_base_inc_frozen	[224, 224]
0.0	39.94	15.98	[83.23, 3.61, 0.75, 0.58, 0.0, 0.0, 0.0, 0.0, 0.0]	[nan, 87.93, 64.8, 39.73, 38.27, 40.64, 41.85, 38.62, 39.94]	[83.23, 10.1, 9.9, 8.41, 9.57, 11.95, 13.95, 14.23, 15.98]	cifar100_baseline_10way10shot_finetune_base_inc_frozen	cifar100	./data	64	10	0.01	Cosine	[60, 70]	40	0.0005	0.9	1.0	128	65536	0.999	0.07	0.0	2	./checkpoint/moco_v3.pth	vit-b16	1	5	5	-1	60	False	100	15	8	2	3	0	False	pytorch	nccl	None	5	0	11	[]	0	1	-1	1	False	False	True	False	100	9	checkpoint/cifar100_baseline_10way10shot_finetune_base_inc_frozen	[224, 224]
79.92	4.33	49.68	[89.7, 81.23, 81.23, 81.04, 81.04, 81.01, 81.01, 81.0, 79.92]	[nan, 4.8, 2.83, 5.44, 4.1, 3.96, 3.3, 3.03, 4.33]	[89.7, 75.36, 70.03, 65.92, 61.8, 58.34, 55.11, 52.27, 49.68]	cifar100_baseline_10way10shot_finetune_base_inc_frozen	cifar100	./data	64	20	0.01	Cosine	[60, 70]	40	0.0005	0.9	1.0	128	65536	0.999	0.07	0.0	2	./checkpoint/moco_v3.pth	vit-b16	1	5	5	-1	60	False	100	15	8	2	3	0	False	pytorch	nccl	None	5	0	8	[]	0	1	-1	1	False	True	False	False	100	9	checkpoint/cifar100_baseline_10way10shot_finetune_base_inc_frozen	[224, 224]
0.0	40.18	16.07	[88.06, 6.82, 0.3, 0.08, 0.01, 0.0, 0.0, 0.0, 0.0]	[nan, 88.33, 67.57, 42.91, 40.58, 41.33, 41.21, 37.82, 40.18]	[88.06, 13.09, 9.91, 8.65, 10.15, 12.16, 13.74, 13.93, 16.07]	cifar100_baseline_10way10shot_finetune_base_inc_frozen	cifar100	./data	64	10	0.01	Cosine	[60, 70]	40	0.0005	0.9	1.0	128	65536	0.999	0.07	0.0	2	./checkpoint/moco_v3.pth	vit-b16	1	5	5	-1	60	False	100	15	8	2	3	0	False	pytorch	nccl	None	5	0	8	[]	0	1	-1	1	False	False	True	False	100	9	checkpoint/cifar100_baseline_10way10shot_finetune_base_inc_frozen	[224, 224]
0.0	34.73	13.89	[87.07, 0.14, 0.01, 0.01, 0.0, 0.0, 0.0, 0.0, 0.0]	[nan, 84.6, 59.87, 39.62, 37.35, 38.44, 37.97, 33.44, 34.73]	[87.07, 6.64, 8.56, 7.93, 9.34, 11.3, 12.66, 12.32, 13.89]	cifar100_baseline_10way10shot_finetune_base_inc_frozen	cifar100	./data	64	10	0.01	Cosine	[60, 70]	40	0.0005	0.9	1.0	128	65536	0.999	0.07	0.0	2	./checkpoint/moco_v3.pth	vit-b16	1	5	5	-1	60	False	100	15	8	2	3	0	False	pytorch	nccl	None	5	0	8	[]	0	1	-1	1	False	False	False	False	100	9	checkpoint/cifar100_baseline_10way10shot_finetune_base_inc_frozen	[224, 224]
9.06	3.81	6.96	[27.48, 11.57, 11.57, 11.56, 11.56, 11.56, 11.53, 11.53, 9.06]	[nan, 0.0, 0.0, 0.02, 0.02, 0.09, 0.08, 0.07, 3.81]	[27.48, 10.68, 9.91, 9.25, 8.67, 8.18, 7.71, 7.3, 6.96]	cifar100_baseline_10way10shot_finetune_base_inc_frozen	cifar100	./data	64	15	0.001	Cosine	[60, 70]	40	0.0005	0.9	1.0	128	65536	0.999	0.07	0.0	2	./checkpoint/moco_v3.pth	vit-b16	1	5	5	-1	60	False	100	15	8	2	3	0	False	pytorch	nccl	None	5	0	6	[]	0	1	-1	1	False	True	False	False	100	9	checkpoint/cifar100_baseline_10way10shot_finetune_base_inc_frozen	[224, 224]
84.25	5.5	52.75	[90.82, 85.78, 85.78, 85.68, 85.68, 85.21, 85.21, 85.21, 84.25]	[nan, 5.8, 3.0, 3.91, 2.98, 5.09, 4.24, 3.68, 5.5]	[90.82, 79.63, 73.96, 69.33, 65.01, 61.64, 58.22, 55.17, 52.75]	cifar100_baseline_10way10shot_finetune_base_inc_frozen	cifar100	./data	64	15	0.01	Cosine	[60, 70]	40	0.0005	0.9	1.0	128	65536	0.999	0.07	0.0	2	./checkpoint/moco_v3.pth	vit-b16	1	5	5	-1	60	False	100	15	8	2	3	0	False	pytorch	nccl	None	5	0	4	[]	0	1	-1	1	False	True	False	False	100	9	checkpoint/cifar100_baseline_10way10shot_finetune_base_inc_frozen	[224, 224]
0.0	42.94	17.18	[85.68, 4.88, 1.35, 0.95, 0.17, 0.0, 0.0, 0.0, 0.0]	[nan, 89.0, 69.6, 42.67, 42.17, 44.03, 45.47, 41.73, 42.94]	[85.68, 11.35, 11.1, 9.3, 10.67, 12.95, 15.16, 15.38, 17.18]	cifar100_baseline_10way10shot_finetune_base_inc_frozen	cifar100	./data	64	15	0.01	Cosine	[60, 70]	40	0.0005	0.9	1.0	128	65536	0.999	0.07	0.0	2	./checkpoint/moco_v3.pth	vit-b16	1	5	5	-1	60	False	100	15	8	2	3	0	False	pytorch	nccl	None	5	0	11	[]	0	1	-1	1	False	False	True	False	100	9	checkpoint/cifar100_baseline_10way10shot_finetune_base_inc_frozen	[224, 224]
3.82	6.23	4.78	[24.03, 7.21, 7.21, 7.12, 7.05, 6.83, 6.83, 6.0, 3.82]	[nan, 12.53, 6.37, 4.78, 3.55, 3.15, 2.62, 3.66, 6.23]	[24.03, 7.62, 7.08, 6.65, 6.17, 5.75, 5.43, 5.14, 4.78]	cifar100_baseline_10way10shot_finetune_base_inc_frozen	cifar100	./data	64	15	0.001	Cosine	[60, 70]	40	0.0005	0.9	1.0	128	65536	0.999	0.07	0.0	2	./checkpoint/moco_v3.pth	vit-b16	1	5	5	-1	60	False	100	15	8	2	3	0	False	pytorch	nccl	None	5	0	4	[]	0	1	-1	1	False	True	False	False	100	9	checkpoint/cifar100_baseline_10way10shot_finetune_base_inc_frozen	[224, 224]
80.16	5.39	50.25	[89.66, 81.99, 81.99, 81.63, 81.63, 81.51, 81.51, 81.5, 80.16]	[nan, 3.47, 1.77, 5.38, 4.08, 4.63, 3.85, 3.45, 5.39]	[89.66, 75.95, 70.53, 66.38, 62.24, 58.89, 55.62, 52.75, 50.25]	cifar100_baseline_10way10shot_finetune_base_inc_frozen	cifar100	./data	64	10	0.01	Cosine	[60, 70]	40	0.0005	0.9	1.0	128	65536	0.999	0.07	0.0	2	./checkpoint/moco_v3.pth	vit-b16	1	5	5	-1	60	False	100	15	8	2	3	0	False	pytorch	nccl	None	5	0	4	[]	0	1	-1	1	False	True	False	False	100	9	checkpoint/cifar100_baseline_10way10shot_finetune_base_inc_frozen	[224, 224]
0.56	1.68	1.01	[11.44, 0.56, 0.56, 0.56, 0.56, 0.56, 0.56, 0.56, 0.56]	[nan, 13.47, 6.73, 4.49, 3.37, 2.69, 2.24, 1.93, 1.68]	[11.44, 1.55, 1.44, 1.34, 1.26, 1.19, 1.12, 1.06, 1.01]	cifar100_baseline_10way10shot_finetune_base_inc_frozen	cifar100	./data	64	10	0.001	Cosine	[60, 70]	40	0.0005	0.9	1.0	128	65536	0.999	0.07	0.0	2	./checkpoint/moco_v3.pth	vit-b16	1	5	5	-1	60	False	100	15	8	2	3	0	False	pytorch	nccl	None	5	0	8	[]	0	1	-1	1	False	True	False	False	100	9	checkpoint/cifar100_baseline_10way10shot_finetune_base_inc_frozen	[224, 224]
77.77	4.91	48.63	[88.81, 79.54, 79.54, 79.21, 79.21, 79.14, 79.14, 79.13, 77.77]	[nan, 4.6, 2.3, 5.66, 4.25, 4.29, 3.58, 3.3, 4.91]	[88.81, 73.77, 68.51, 64.5, 60.47, 57.12, 53.95, 51.19, 48.63]	cifar100_baseline_10way10shot_finetune_base_inc_frozen	cifar100	./data	64	15	0.01	Cosine	[60, 70]	40	0.0005	0.9	1.0	128	65536	0.999	0.07	0.0	2	./checkpoint/moco_v3.pth	vit-b16	1	5	5	-1	60	False	100	15	8	2	3	0	False	pytorch	nccl	None	5	0	8	[]	0	1	-1	1	False	True	False	False	100	9	checkpoint/cifar100_baseline_10way10shot_finetune_base_inc_frozen	[224, 224]
0.0	42.91	17.16	[88.15, 5.74, 1.2, 0.94, 0.12, 0.0, 0.0, 0.0, 0.0]	[nan, 89.07, 72.87, 46.11, 44.15, 44.84, 44.62, 41.35, 42.91]	[88.15, 12.15, 11.44, 9.97, 11.13, 13.19, 14.87, 15.23, 17.16]	cifar100_baseline_10way10shot_finetune_base_inc_frozen	cifar100	./data	64	20	0.01	Cosine	[60, 70]	40	0.0005	0.9	1.0	128	65536	0.999	0.07	0.0	2	./checkpoint/moco_v3.pth	vit-b16	1	5	5	-1	60	False	100	15	8	2	3	0	False	pytorch	nccl	None	5	0	10	[]	0	1	-1	1	False	False	True	False	100	9	checkpoint/cifar100_baseline_10way10shot_finetune_base_inc_frozen	[224, 224]
88.44	5.9	55.42	[91.29, 89.18, 89.18, 89.04, 89.03, 88.84, 88.84, 88.84, 88.44]	[nan, 3.73, 1.97, 4.49, 4.3, 5.16, 4.32, 4.65, 5.9]	[91.29, 82.6, 76.72, 72.12, 67.85, 64.23, 60.67, 57.82, 55.42]	cifar100_baseline_10way10shot_finetune_base_inc_frozen	cifar100	./data	64	20	0.01	Cosine	[60, 70]	40	0.0005	0.9	1.0	128	65536	0.999	0.07	0.0	2	./checkpoint/moco_v3.pth	vit-b16	1	5	5	-1	60	False	100	15	8	2	3	0	False	pytorch	nccl	None	5	0	2	[]	0	1	-1	1	False	True	True	False	100	9	checkpoint/cifar100_baseline_10way10shot_finetune_base_inc_frozen	[224, 224]
0.0	18.29	7.31	[35.5, 0.0, 0.0, 0.0, 0.0, 0.0, 0.0, 0.0, 0.0]	[nan, 75.87, 41.9, 26.84, 20.2, 18.47, 16.69, 16.11, 18.29]	[35.5, 5.84, 5.99, 5.37, 5.05, 5.43, 5.56, 5.94, 7.31]	cifar100_baseline_10way10shot_finetune_base_inc_frozen	cifar100	./data	64	10	0.001	Cosine	[60, 70]	40	0.0005	0.9	1.0	128	65536	0.999	0.07	0.0	2	./checkpoint/moco_v3.pth	vit-b16	1	5	5	-1	60	False	100	15	8	2	3	0	False	pytorch	nccl	None	5	0	6	[]	0	1	-1	1	False	False	True	False	100	9	checkpoint/cifar100_baseline_10way10shot_finetune_base_inc_frozen	[224, 224]
0.0	42.71	17.08	[91.23, 7.15, 0.93, 0.86, 0.23, 0.0, 0.0, 0.0, 0.0]	[nan, 88.93, 72.87, 50.42, 49.07, 46.64, 45.8, 40.63, 42.71]	[91.23, 13.44, 11.21, 10.77, 12.44, 13.72, 15.27, 14.97, 17.08]	cifar100_baseline_10way10shot_finetune_base_inc_frozen	cifar100	./data	64	15	0.01	Cosine	[60, 70]	40	0.0005	0.9	1.0	128	65536	0.999	0.07	0.0	2	./checkpoint/moco_v3.pth	vit-b16	1	5	5	-1	60	False	100	15	8	2	3	0	False	pytorch	nccl	None	5	0	2	[]	0	1	-1	1	False	False	True	False	100	9	checkpoint/cifar100_baseline_10way10shot_finetune_base_inc_frozen	[224, 224]
74.21	9.8	48.45	[88.25, 77.02, 76.91, 76.63, 76.63, 76.5, 76.5, 76.49, 74.21]	[nan, 7.2, 7.6, 9.71, 7.98, 8.04, 6.71, 6.49, 9.8]	[88.25, 71.65, 67.0, 63.25, 59.47, 56.37, 53.24, 50.7, 48.45]	cifar100_baseline_10way10shot_finetune_base_inc_frozen	cifar100	./data	64	20	0.01	Cosine	[60, 70]	40	0.0005	0.9	1.0	128	65536	0.999	0.07	0.0	2	./checkpoint/moco_v3.pth	vit-b16	1	5	5	-1	60	False	100	15	8	2	3	0	False	pytorch	nccl	None	5	0	10	[]	0	1	-1	1	False	True	True	False	100	9	checkpoint/cifar100_baseline_10way10shot_finetune_base_inc_frozen	[224, 224]
5.31	1.55	3.8	[23.22, 6.35, 6.35, 6.35, 6.33, 6.32, 6.32, 6.32, 5.31]	[nan, 0.53, 0.27, 0.22, 0.17, 0.13, 0.11, 0.1, 1.55]	[23.22, 5.9, 5.48, 5.12, 4.79, 4.5, 4.25, 4.03, 3.8]	cifar100_baseline_10way10shot_finetune_base_inc_frozen	cifar100	./data	64	20	0.001	Cosine	[60, 70]	40	0.0005	0.9	1.0	128	65536	0.999	0.07	0.0	2	./checkpoint/moco_v3.pth	vit-b16	1	5	5	-1	60	False	100	15	8	2	3	0	False	pytorch	nccl	None	5	0	10	[]	0	1	-1	1	False	True	False	False	100	9	checkpoint/cifar100_baseline_10way10shot_finetune_base_inc_frozen	[224, 224]
0.0	18.95	7.58	[15.75, 0.0, 0.0, 0.0, 0.0, 0.0, 0.0, 0.0, 0.0]	[nan, 43.8, 30.0, 20.0, 16.4, 14.2, 16.9, 17.03, 18.95]	[15.75, 3.37, 4.29, 4.0, 4.1, 4.18, 5.63, 6.27, 7.58]	cifar100_baseline_10way10shot_finetune_base_inc_frozen	cifar100	./data	64	15	0.001	Cosine	[60, 70]	40	0.0005	0.9	1.0	128	65536	0.999	0.07	0.0	2	./checkpoint/moco_v3.pth	vit-b16	1	5	5	-1	60	False	100	15	8	2	3	0	False	pytorch	nccl	None	5	0	12	[]	0	1	-1	1	False	False	False	False	100	9	checkpoint/cifar100_baseline_10way10shot_finetune_base_inc_frozen	[224, 224]
1.83	1.63	1.75	[10.62, 2.61, 2.61, 2.61, 2.61, 2.61, 2.61, 2.61, 1.83]	[nan, 6.67, 3.33, 2.22, 1.67, 1.33, 1.11, 0.95, 1.63]	[10.62, 2.92, 2.72, 2.53, 2.37, 2.24, 2.11, 2.0, 1.75]	cifar100_baseline_10way10shot_finetune_base_inc_frozen	cifar100	./data	64	15	0.001	Cosine	[60, 70]	40	0.0005	0.9	1.0	128	65536	0.999	0.07	0.0	2	./checkpoint/moco_v3.pth	vit-b16	1	5	5	-1	60	False	100	15	8	2	3	0	False	pytorch	nccl	None	5	0	11	[]	0	1	-1	1	False	True	False	False	100	9	checkpoint/cifar100_baseline_10way10shot_finetune_base_inc_frozen	[224, 224]
0.0	45.53	18.21	[87.21, 5.43, 1.68, 1.24, 0.38, 0.0, 0.0, 0.0, 0.0]	[nan, 88.47, 71.13, 44.93, 45.9, 47.39, 48.72, 44.42, 45.53]	[87.21, 11.81, 11.61, 9.98, 11.76, 13.94, 16.24, 16.37, 18.21]	cifar100_baseline_10way10shot_finetune_base_inc_frozen	cifar100	./data	64	20	0.01	Cosine	[60, 70]	40	0.0005	0.9	1.0	128	65536	0.999	0.07	0.0	2	./checkpoint/moco_v3.pth	vit-b16	1	5	5	-1	60	False	100	15	8	2	3	0	False	pytorch	nccl	None	5	0	11	[]	0	1	-1	1	False	False	True	False	100	9	checkpoint/cifar100_baseline_10way10shot_finetune_base_inc_frozen	[224, 224]
0.0	41.94	16.78	[89.94, 6.2, 0.37, 0.25, 0.09, 0.0, 0.0, 0.0, 0.0]	[nan, 89.13, 68.93, 42.95, 42.27, 43.43, 42.68, 39.67, 41.94]	[89.94, 12.58, 10.16, 8.79, 10.64, 12.77, 14.23, 14.61, 16.78]	cifar100_baseline_10way10shot_finetune_base_inc_frozen	cifar100	./data	64	20	0.01	Cosine	[60, 70]	40	0.0005	0.9	1.0	128	65536	0.999	0.07	0.0	2	./checkpoint/moco_v3.pth	vit-b16	1	5	5	-1	60	False	100	15	8	2	3	0	False	pytorch	nccl	None	5	0	8	[]	0	1	-1	1	False	False	True	False	100	9	checkpoint/cifar100_baseline_10way10shot_finetune_base_inc_frozen	[224, 224]
0.0	8.69	3.48	[16.82, 0.0, 0.0, 0.0, 0.0, 0.0, 0.0, 0.0, 0.0]	[nan, 53.0, 25.73, 18.44, 14.18, 11.89, 9.99, 8.61, 8.69]	[16.82, 4.08, 3.68, 3.69, 3.54, 3.5, 3.33, 3.17, 3.48]	cifar100_baseline_10way10shot_finetune_base_inc_frozen	cifar100	./data	64	20	0.001	Cosine	[60, 70]	40	0.0005	0.9	1.0	128	65536	0.999	0.07	0.0	2	./checkpoint/moco_v3.pth	vit-b16	1	5	5	-1	60	False	100	15	8	2	3	0	False	pytorch	nccl	None	5	0	11	[]	0	1	-1	1	False	False	False	False	100	9	checkpoint/cifar100_baseline_10way10shot_finetune_base_inc_frozen	[224, 224]
75.89	4.58	47.36	[88.57, 77.9, 77.9, 77.59, 77.59, 77.46, 77.46, 77.46, 75.89]	[nan, 3.33, 1.67, 3.67, 2.75, 3.61, 3.01, 2.75, 4.58]	[88.57, 72.16, 67.01, 62.8, 58.88, 55.74, 52.64, 49.93, 47.36]	cifar100_baseline_10way10shot_finetune_base_inc_frozen	cifar100	./data	64	10	0.01	Cosine	[60, 70]	40	0.0005	0.9	1.0	128	65536	0.999	0.07	0.0	2	./checkpoint/moco_v3.pth	vit-b16	1	5	5	-1	60	False	100	15	8	2	3	0	False	pytorch	nccl	None	5	0	6	[]	0	1	-1	1	False	True	False	False	100	9	checkpoint/cifar100_baseline_10way10shot_finetune_base_inc_frozen	[224, 224]
84.28	5.3	52.69	[90.42, 84.99, 84.99, 84.85, 84.85, 84.73, 84.73, 84.7, 84.28]	[nan, 1.67, 1.27, 4.42, 4.08, 4.69, 3.95, 4.11, 5.3]	[90.42, 78.58, 73.03, 68.77, 64.66, 61.19, 57.8, 55.01, 52.69]	cifar100_baseline_10way10shot_finetune_base_inc_frozen	cifar100	./data	64	15	0.01	Cosine	[60, 70]	40	0.0005	0.9	1.0	128	65536	0.999	0.07	0.0	2	./checkpoint/moco_v3.pth	vit-b16	1	5	5	-1	60	False	100	15	8	2	3	0	False	pytorch	nccl	None	5	0	6	[]	0	1	-1	1	False	True	True	False	100	9	checkpoint/cifar100_baseline_10way10shot_finetune_base_inc_frozen	[224, 224]
0.0	18.95	7.58	[22.85, 0.0, 0.0, 0.0, 0.0, 0.0, 0.0, 0.0, 0.0]	[nan, 43.8, 30.0, 20.0, 16.4, 14.2, 16.9, 17.03, 18.95]	[22.85, 3.37, 4.29, 4.0, 4.1, 4.18, 5.63, 6.27, 7.58]	cifar100_baseline_10way10shot_finetune_base_inc_frozen	cifar100	./data	64	20	0.001	Cosine	[60, 70]	40	0.0005	0.9	1.0	128	65536	0.999	0.07	0.0	2	./checkpoint/moco_v3.pth	vit-b16	1	5	5	-1	60	False	100	15	8	2	3	0	False	pytorch	nccl	None	5	0	12	[]	0	1	-1	1	False	False	False	False	100	9	checkpoint/cifar100_baseline_10way10shot_finetune_base_inc_frozen	[224, 224]
0.0	31.43	12.57	[72.34, 0.02, 0.0, 0.0, 0.0, 0.0, 0.0, 0.0, 0.0]	[nan, 85.13, 56.3, 45.85, 41.23, 38.27, 37.01, 31.89, 31.43]	[72.34, 6.57, 8.04, 9.17, 10.31, 11.26, 12.34, 11.75, 12.57]	cifar100_baseline_10way10shot_finetune_base_inc_frozen	cifar100	./data	64	20	0.001	Cosine	[60, 70]	40	0.0005	0.9	1.0	128	65536	0.999	0.07	0.0	2	./checkpoint/moco_v3.pth	vit-b16	1	5	5	-1	60	False	100	15	8	2	3	0	False	pytorch	nccl	None	5	0	-1	[]	0	1	-1	1	False	False	True	False	100	9	checkpoint/cifar100_baseline_10way10shot_finetune_base_inc_frozen	[224, 224]
85.69	4.47	53.2	[90.71, 86.34, 86.34, 86.11, 86.11, 86.01, 86.01, 86.0, 85.69]	[nan, 2.4, 1.37, 5.22, 4.08, 4.61, 3.85, 3.63, 4.47]	[90.71, 79.88, 74.21, 69.93, 65.6, 62.07, 58.63, 55.66, 53.2]	cifar100_baseline_10way10shot_finetune_base_inc_frozen	cifar100	./data	64	20	0.01	Cosine	[60, 70]	40	0.0005	0.9	1.0	128	65536	0.999	0.07	0.0	2	./checkpoint/moco_v3.pth	vit-b16	1	5	5	-1	60	False	100	15	8	2	3	0	False	pytorch	nccl	None	5	0	6	[]	0	1	-1	1	False	True	True	False	100	9	checkpoint/cifar100_baseline_10way10shot_finetune_base_inc_frozen	[224, 224]
2.07	2.53	2.25	[16.94, 2.99, 2.98, 2.88, 2.86, 2.86, 2.86, 2.86, 2.07]	[nan, 1.07, 0.53, 1.42, 1.93, 1.55, 1.29, 1.13, 2.53]	[16.94, 2.84, 2.63, 2.59, 2.63, 2.48, 2.34, 2.23, 2.25]	cifar100_baseline_10way10shot_finetune_base_inc_frozen	cifar100	./data	64	10	0.001	Cosine	[60, 70]	40	0.0005	0.9	1.0	128	65536	0.999	0.07	0.0	2	./checkpoint/moco_v3.pth	vit-b16	1	5	5	-1	60	False	100	15	8	2	3	0	False	pytorch	nccl	None	5	0	11	[]	0	1	-1	1	False	True	True	False	100	9	checkpoint/cifar100_baseline_10way10shot_finetune_base_inc_frozen	[224, 224]
60.81	5.56	38.71	[83.99, 64.66, 64.65, 63.99, 63.99, 63.81, 63.81, 63.79, 60.81]	[nan, 2.47, 1.47, 4.11, 3.12, 3.49, 2.91, 2.69, 5.56]	[83.99, 59.88, 55.62, 52.01, 48.77, 46.06, 43.51, 41.28, 38.71]	cifar100_baseline_10way10shot_finetune_base_inc_frozen	cifar100	./data	64	10	0.01	Cosine	[60, 70]	40	0.0005	0.9	1.0	128	65536	0.999	0.07	0.0	2	./checkpoint/moco_v3.pth	vit-b16	1	5	5	-1	60	False	100	15	8	2	3	0	False	pytorch	nccl	None	5	0	10	[]	0	1	-1	1	False	True	False	False	100	9	checkpoint/cifar100_baseline_10way10shot_finetune_base_inc_frozen	[224, 224]
0.0	41.92	16.77	[89.58, 6.16, 0.21, 0.19, 0.0, 0.0, 0.0, 0.0, 0.0]	[nan, 88.07, 66.6, 45.0, 44.0, 44.2, 43.65, 39.85, 41.92]	[89.58, 12.46, 9.7, 9.15, 11.0, 13.0, 14.55, 14.68, 16.77]	cifar100_baseline_10way10shot_finetune_base_inc_frozen	cifar100	./data	64	10	0.01	Cosine	[60, 70]	40	0.0005	0.9	1.0	128	65536	0.999	0.07	0.0	2	./checkpoint/moco_v3.pth	vit-b16	1	5	5	-1	60	False	100	15	8	2	3	0	False	pytorch	nccl	None	5	0	6	[]	0	1	-1	1	False	False	True	False	100	9	checkpoint/cifar100_baseline_10way10shot_finetune_base_inc_frozen	[224, 224]
5.97	2.34	4.52	[29.75, 7.72, 7.72, 7.7, 7.7, 7.7, 7.7, 7.7, 5.97]	[nan, 0.0, 0.0, 0.2, 0.2, 0.16, 0.13, 0.11, 2.34]	[29.75, 7.12, 6.61, 6.2, 5.82, 5.48, 5.18, 4.91, 4.52]	cifar100_baseline_10way10shot_finetune_base_inc_frozen	cifar100	./data	64	20	0.001	Cosine	[60, 70]	40	0.0005	0.9	1.0	128	65536	0.999	0.07	0.0	2	./checkpoint/moco_v3.pth	vit-b16	1	5	5	-1	60	False	100	15	8	2	3	0	False	pytorch	nccl	None	5	0	11	[]	0	1	-1	1	False	True	True	False	100	9	checkpoint/cifar100_baseline_10way10shot_finetune_base_inc_frozen	[224, 224]
86.67	5.28	54.12	[91.22, 87.92, 87.92, 87.82, 87.82, 87.33, 87.33, 87.33, 86.67]	[nan, 5.2, 2.6, 4.2, 3.28, 5.64, 4.71, 4.2, 5.28]	[91.22, 81.55, 75.73, 71.1, 66.68, 63.31, 59.79, 56.71, 54.12]	cifar100_baseline_10way10shot_finetune_base_inc_frozen	cifar100	./data	64	20	0.01	Cosine	[60, 70]	40	0.0005	0.9	1.0	128	65536	0.999	0.07	0.0	2	./checkpoint/moco_v3.pth	vit-b16	1	5	5	-1	60	False	100	15	8	2	3	0	False	pytorch	nccl	None	5	0	2	[]	0	1	-1	1	False	True	False	False	100	9	checkpoint/cifar100_baseline_10way10shot_finetune_base_inc_frozen	[224, 224]
42.23	7.58	28.37	[71.92, 46.36, 46.34, 46.31, 46.31, 46.07, 46.07, 45.89, 42.23]	[nan, 11.4, 6.37, 5.13, 3.85, 4.47, 3.72, 3.32, 7.58]	[71.92, 43.67, 40.63, 38.07, 35.69, 33.84, 31.96, 30.21, 28.37]	cifar100_baseline_10way10shot_finetune_base_inc_frozen	cifar100	./data	64	20	0.001	Cosine	[60, 70]	40	0.0005	0.9	1.0	128	65536	0.999	0.07	0.0	2	./checkpoint/moco_v3.pth	vit-b16	1	5	5	-1	60	False	100	15	8	2	3	0	False	pytorch	nccl	None	5	0	2	[]	0	1	-1	1	False	True	True	False	100	9	checkpoint/cifar100_baseline_10way10shot_finetune_base_inc_frozen	[224, 224]
0.0	5.49	2.19	[12.36, 0.0, 0.0, 0.0, 0.0, 0.0, 0.0, 0.0, 0.0]	[nan, 37.0, 17.57, 12.4, 9.28, 7.63, 6.36, 5.71, 5.49]	[12.36, 2.85, 2.51, 2.48, 2.32, 2.24, 2.12, 2.1, 2.19]	cifar100_baseline_10way10shot_finetune_base_inc_frozen	cifar100	./data	64	15	0.001	Cosine	[60, 70]	40	0.0005	0.9	1.0	128	65536	0.999	0.07	0.0	2	./checkpoint/moco_v3.pth	vit-b16	1	5	5	-1	60	False	100	15	8	2	3	0	False	pytorch	nccl	None	5	0	10	[]	0	1	-1	1	False	False	False	False	100	9	checkpoint/cifar100_baseline_10way10shot_finetune_base_inc_frozen	[224, 224]
12.62	17.6	14.61	[41.19, 19.25, 19.23, 18.23, 18.23, 18.1, 17.98, 17.05, 12.62]	[nan, 39.8, 25.3, 19.07, 15.15, 12.48, 14.37, 15.03, 17.6]	[41.19, 20.83, 20.1, 18.4, 17.46, 16.45, 16.78, 16.31, 14.61]	cifar100_baseline_10way10shot_finetune_base_inc_frozen	cifar100	./data	64	10	0.001	Cosine	[60, 70]	40	0.0005	0.9	1.0	128	65536	0.999	0.07	0.0	2	./checkpoint/moco_v3.pth	vit-b16	1	5	5	-1	60	False	100	15	8	2	3	0	False	pytorch	nccl	None	5	0	12	[]	0	1	-1	1	False	True	True	False	100	9	checkpoint/cifar100_baseline_10way10shot_finetune_base_inc_frozen	[224, 224]
1.85	2.36	2.06	[9.71, 3.54, 3.54, 2.98, 2.98, 2.98, 2.98, 2.97, 1.85]	[nan, 0.0, 0.0, 2.22, 1.67, 1.33, 1.11, 1.0, 2.36]	[9.71, 3.27, 3.03, 2.83, 2.65, 2.5, 2.36, 2.24, 2.06]	cifar100_baseline_10way10shot_finetune_base_inc_frozen	cifar100	./data	64	10	0.001	Cosine	[60, 70]	40	0.0005	0.9	1.0	128	65536	0.999	0.07	0.0	2	./checkpoint/moco_v3.pth	vit-b16	1	5	5	-1	60	False	100	15	8	2	3	0	False	pytorch	nccl	None	5	0	10	[]	0	1	-1	1	False	True	False	False	100	9	checkpoint/cifar100_baseline_10way10shot_finetune_base_inc_frozen	[224, 224]
0.0	24.42	9.77	[52.92, 0.0, 0.0, 0.0, 0.0, 0.0, 0.0, 0.0, 0.0]	[nan, 78.93, 45.07, 29.73, 26.4, 27.08, 25.8, 23.06, 24.42]	[52.92, 6.07, 6.44, 5.95, 6.6, 7.96, 8.6, 8.49, 9.77]	cifar100_baseline_10way10shot_finetune_base_inc_frozen	cifar100	./data	64	15	0.001	Cosine	[60, 70]	40	0.0005	0.9	1.0	128	65536	0.999	0.07	0.0	2	./checkpoint/moco_v3.pth	vit-b16	1	5	5	-1	60	False	100	15	8	2	3	0	False	pytorch	nccl	None	5	0	6	[]	0	1	-1	1	False	False	True	False	100	9	checkpoint/cifar100_baseline_10way10shot_finetune_base_inc_frozen	[224, 224]
69.48	4.74	43.58	[87.44, 71.43, 71.43, 71.35, 71.35, 71.27, 71.27, 71.23, 69.48]	[nan, 5.6, 3.13, 4.0, 3.0, 2.96, 2.47, 2.47, 4.74]	[87.44, 66.37, 61.67, 57.88, 54.26, 51.18, 48.33, 45.9, 43.58]	cifar100_baseline_10way10shot_finetune_base_inc_frozen	cifar100	./data	64	10	0.01	Cosine	[60, 70]	40	0.0005	0.9	1.0	128	65536	0.999	0.07	0.0	2	./checkpoint/moco_v3.pth	vit-b16	1	5	5	-1	60	False	100	15	8	2	3	0	False	pytorch	nccl	None	5	0	8	[]	0	1	-1	1	False	True	False	False	100	9	checkpoint/cifar100_baseline_10way10shot_finetune_base_inc_frozen	[224, 224]
0.0	15.91	6.36	[24.72, 0.0, 0.0, 0.0, 0.0, 0.0, 0.0, 0.0, 0.0]	[nan, 60.07, 31.77, 24.2, 19.83, 18.11, 16.84, 15.3, 15.91]	[24.72, 4.62, 4.54, 4.84, 4.96, 5.33, 5.61, 5.64, 6.36]	cifar100_baseline_10way10shot_finetune_base_inc_frozen	cifar100	./data	64	15	0.001	Cosine	[60, 70]	40	0.0005	0.9	1.0	128	65536	0.999	0.07	0.0	2	./checkpoint/moco_v3.pth	vit-b16	1	5	5	-1	60	False	100	15	8	2	3	0	False	pytorch	nccl	None	5	0	-1	[]	0	1	-1	1	False	False	False	False	100	9	checkpoint/cifar100_baseline_10way10shot_finetune_base_inc_frozen	[224, 224]
69.85	15.13	47.96	[87.08, 73.79, 73.13, 72.58, 72.58, 72.48, 72.48, 72.43, 69.85]	[nan, 8.67, 12.6, 15.4, 14.17, 13.31, 11.48, 11.97, 15.13]	[87.08, 68.78, 64.49, 61.14, 57.97, 55.08, 52.14, 50.16, 47.96]	cifar100_baseline_10way10shot_finetune_base_inc_frozen	cifar100	./data	64	20	0.01	Cosine	[60, 70]	40	0.0005	0.9	1.0	128	65536	0.999	0.07	0.0	2	./checkpoint/moco_v3.pth	vit-b16	1	5	5	-1	60	False	100	15	8	2	3	0	False	pytorch	nccl	None	5	0	11	[]	0	1	-1	1	False	True	True	False	100	9	checkpoint/cifar100_baseline_10way10shot_finetune_base_inc_frozen	[224, 224]
12.62	17.6	14.61	[25.6, 19.25, 19.23, 18.23, 18.23, 18.1, 17.98, 17.05, 12.62]	[nan, 39.8, 25.3, 19.07, 15.15, 12.48, 14.37, 15.03, 17.6]	[25.6, 20.83, 20.1, 18.4, 17.46, 16.45, 16.78, 16.31, 14.61]	cifar100_baseline_10way10shot_finetune_base_inc_frozen	cifar100	./data	64	20	0.001	Cosine	[60, 70]	40	0.0005	0.9	1.0	128	65536	0.999	0.07	0.0	2	./checkpoint/moco_v3.pth	vit-b16	1	5	5	-1	60	False	100	15	8	2	3	0	False	pytorch	nccl	None	5	0	12	[]	0	1	-1	1	False	True	False	False	100	9	checkpoint/cifar100_baseline_10way10shot_finetune_base_inc_frozen	[224, 224]
36.08	6.98	24.44	[69.7, 40.12, 40.12, 40.12, 40.12, 39.97, 39.97, 39.86, 36.08]	[nan, 10.87, 5.43, 4.09, 3.07, 3.33, 2.8, 2.59, 6.98]	[69.7, 37.87, 35.16, 32.92, 30.86, 29.2, 27.58, 26.13, 24.44]	cifar100_baseline_10way10shot_finetune_base_inc_frozen	cifar100	./data	64	20	0.001	Cosine	[60, 70]	40	0.0005	0.9	1.0	128	65536	0.999	0.07	0.0	2	./checkpoint/moco_v3.pth	vit-b16	1	5	5	-1	60	False	100	15	8	2	3	0	False	pytorch	nccl	None	5	0	4	[]	0	1	-1	1	False	True	True	False	100	9	checkpoint/cifar100_baseline_10way10shot_finetune_base_inc_frozen	[224, 224]
0.0	42.52	17.01	[90.79, 5.9, 0.65, 0.54, 0.35, 0.0, 0.0, 0.0, 0.0]	[nan, 87.87, 72.3, 44.56, 44.37, 44.57, 43.87, 40.11, 42.52]	[90.79, 12.21, 10.88, 9.34, 11.36, 13.11, 14.62, 14.78, 17.01]	cifar100_baseline_10way10shot_finetune_base_inc_frozen	cifar100	./data	64	20	0.01	Cosine	[60, 70]	40	0.0005	0.9	1.0	128	65536	0.999	0.07	0.0	2	./checkpoint/moco_v3.pth	vit-b16	1	5	5	-1	60	False	100	15	8	2	3	0	False	pytorch	nccl	None	5	0	6	[]	0	1	-1	1	False	False	True	False	100	9	checkpoint/cifar100_baseline_10way10shot_finetune_base_inc_frozen	[224, 224]
0.0	37.0	14.8	[81.02, 0.09, 0.0, 0.0, 0.0, 0.0, 0.0, 0.0, 0.0]	[nan, 85.2, 59.9, 35.58, 36.45, 39.04, 39.11, 35.01, 37.0]	[81.02, 6.64, 8.56, 7.11, 9.11, 11.48, 13.04, 12.9, 14.8]	cifar100_baseline_10way10shot_finetune_base_inc_frozen	cifar100	./data	64	10	0.01	Cosine	[60, 70]	40	0.0005	0.9	1.0	128	65536	0.999	0.07	0.0	2	./checkpoint/moco_v3.pth	vit-b16	1	5	5	-1	60	False	100	15	8	2	3	0	False	pytorch	nccl	None	5	0	11	[]	0	1	-1	1	False	False	False	False	100	9	checkpoint/cifar100_baseline_10way10shot_finetune_base_inc_frozen	[224, 224]
0.0	8.88	3.55	[24.61, 0.0, 0.0, 0.0, 0.0, 0.0, 0.0, 0.0, 0.0]	[nan, 45.87, 25.13, 18.69, 14.6, 12.76, 11.11, 9.74, 8.88]	[24.61, 3.53, 3.59, 3.74, 3.65, 3.75, 3.7, 3.59, 3.55]	cifar100_baseline_10way10shot_finetune_base_inc_frozen	cifar100	./data	64	15	0.001	Cosine	[60, 70]	40	0.0005	0.9	1.0	128	65536	0.999	0.07	0.0	2	./checkpoint/moco_v3.pth	vit-b16	1	5	5	-1	60	False	100	15	8	2	3	0	False	pytorch	nccl	None	5	0	2	[]	0	1	-1	1	False	False	False	False	100	9	checkpoint/cifar100_baseline_10way10shot_finetune_base_inc_frozen	[224, 224]
3.61	4.55	3.98	[16.82, 6.25, 6.25, 4.02, 4.02, 4.02, 4.01, 3.63, 3.61]	[nan, 1.6, 0.8, 9.36, 7.02, 5.63, 4.71, 5.06, 4.55]	[16.82, 5.89, 5.47, 5.09, 4.77, 4.49, 4.25, 4.16, 3.98]	cifar100_baseline_10way10shot_finetune_base_inc_frozen	cifar100	./data	64	10	0.001	Cosine	[60, 70]	40	0.0005	0.9	1.0	128	65536	0.999	0.07	0.0	2	./checkpoint/moco_v3.pth	vit-b16	1	5	5	-1	60	False	100	15	8	2	3	0	False	pytorch	nccl	None	5	0	10	[]	0	1	-1	1	False	True	True	False	100	9	checkpoint/cifar100_baseline_10way10shot_finetune_base_inc_frozen	[224, 224]
0.0	7.82	3.13	[20.19, 0.0, 0.0, 0.0, 0.0, 0.0, 0.0, 0.0, 0.0]	[nan, 42.67, 20.23, 17.33, 12.93, 10.48, 8.79, 8.36, 7.82]	[20.19, 3.28, 2.89, 3.47, 3.23, 3.08, 2.93, 3.08, 3.13]	cifar100_baseline_10way10shot_finetune_base_inc_frozen	cifar100	./data	64	15	0.001	Cosine	[60, 70]	40	0.0005	0.9	1.0	128	65536	0.999	0.07	0.0	2	./checkpoint/moco_v3.pth	vit-b16	1	5	5	-1	60	False	100	15	8	2	3	0	False	pytorch	nccl	None	5	0	11	[]	0	1	-1	1	False	False	True	False	100	9	checkpoint/cifar100_baseline_10way10shot_finetune_base_inc_frozen	[224, 224]
0.0	13.93	5.57	[30.92, 0.0, 0.0, 0.0, 0.0, 0.0, 0.0, 0.0, 0.0]	[nan, 63.53, 35.27, 22.24, 17.22, 14.6, 12.71, 11.48, 13.93]	[30.92, 4.89, 5.04, 4.45, 4.31, 4.3, 4.24, 4.23, 5.57]	cifar100_baseline_10way10shot_finetune_base_inc_frozen	cifar100	./data	64	15	0.001	Cosine	[60, 70]	40	0.0005	0.9	1.0	128	65536	0.999	0.07	0.0	2	./checkpoint/moco_v3.pth	vit-b16	1	5	5	-1	60	False	100	15	8	2	3	0	False	pytorch	nccl	None	5	0	4	[]	0	1	-1	1	False	False	False	False	100	9	checkpoint/cifar100_baseline_10way10shot_finetune_base_inc_frozen	[224, 224]
0.0	36.23	14.49	[86.67, 0.57, 0.01, 0.01, 0.0, 0.0, 0.0, 0.0, 0.0]	[nan, 87.47, 65.47, 41.05, 38.17, 38.81, 38.03, 34.28, 36.23]	[86.67, 7.26, 9.36, 8.22, 9.54, 11.42, 12.68, 12.63, 14.49]	cifar100_baseline_10way10shot_finetune_base_inc_frozen	cifar100	./data	64	15	0.01	Cosine	[60, 70]	40	0.0005	0.9	1.0	128	65536	0.999	0.07	0.0	2	./checkpoint/moco_v3.pth	vit-b16	1	5	5	-1	60	False	100	15	8	2	3	0	False	pytorch	nccl	None	5	0	10	[]	0	1	-1	1	False	False	False	False	100	9	checkpoint/cifar100_baseline_10way10shot_finetune_base_inc_frozen	[224, 224]
0.0	5.04	2.01	[12.1, 0.0, 0.0, 0.0, 0.0, 0.0, 0.0, 0.0, 0.0]	[nan, 33.0, 17.57, 12.47, 9.43, 7.44, 6.06, 5.27, 5.04]	[12.1, 2.54, 2.51, 2.49, 2.36, 2.19, 2.02, 1.94, 2.01]	cifar100_baseline_10way10shot_finetune_base_inc_frozen	cifar100	./data	64	10	0.001	Cosine	[60, 70]	40	0.0005	0.9	1.0	128	65536	0.999	0.07	0.0	2	./checkpoint/moco_v3.pth	vit-b16	1	5	5	-1	60	False	100	15	8	2	3	0	False	pytorch	nccl	None	5	0	4	[]	0	1	-1	1	False	False	False	False	100	9	checkpoint/cifar100_baseline_10way10shot_finetune_base_inc_frozen	[224, 224]
0.0	43.44	17.38	[91.27, 7.07, 1.47, 1.25, 0.33, 0.01, 0.01, 0.01, 0.0]	[nan, 87.93, 74.17, 51.13, 49.95, 48.37, 47.37, 40.83, 43.44]	[91.27, 13.29, 11.86, 11.23, 12.73, 14.23, 15.79, 15.04, 17.38]	cifar100_baseline_10way10shot_finetune_base_inc_frozen	cifar100	./data	64	20	0.01	Cosine	[60, 70]	40	0.0005	0.9	1.0	128	65536	0.999	0.07	0.0	2	./checkpoint/moco_v3.pth	vit-b16	1	5	5	-1	60	False	100	15	8	2	3	0	False	pytorch	nccl	None	5	0	2	[]	0	1	-1	1	False	False	True	False	100	9	checkpoint/cifar100_baseline_10way10shot_finetune_base_inc_frozen	[224, 224]
20.93	8.44	15.94	[56.96, 26.25, 26.12, 24.63, 24.45, 24.22, 24.21, 23.83, 20.93]	[nan, 7.47, 4.97, 7.84, 6.23, 5.69, 4.87, 4.9, 8.44]	[56.96, 24.8, 23.09, 21.27, 19.9, 18.77, 17.76, 16.86, 15.94]	cifar100_baseline_10way10shot_finetune_base_inc_frozen	cifar100	./data	64	20	0.001	Cosine	[60, 70]	40	0.0005	0.9	1.0	128	65536	0.999	0.07	0.0	2	./checkpoint/moco_v3.pth	vit-b16	1	5	5	-1	60	False	100	15	8	2	3	0	False	pytorch	nccl	None	5	0	2	[]	0	1	-1	1	False	True	False	False	100	9	checkpoint/cifar100_baseline_10way10shot_finetune_base_inc_frozen	[224, 224]
0.0	22.59	9.03	[44.41, 0.01, 0.0, 0.0, 0.0, 0.0, 0.0, 0.0, 0.0]	[nan, 76.87, 42.7, 30.22, 26.97, 28.36, 24.8, 21.65, 22.59]	[44.41, 5.92, 6.1, 6.04, 6.74, 8.34, 8.27, 7.98, 9.03]	cifar100_baseline_10way10shot_finetune_base_inc_frozen	cifar100	./data	64	10	0.001	Cosine	[60, 70]	40	0.0005	0.9	1.0	128	65536	0.999	0.07	0.0	2	./checkpoint/moco_v3.pth	vit-b16	1	5	5	-1	60	False	100	15	8	2	3	0	False	pytorch	nccl	None	5	0	-1	[]	0	1	-1	1	False	False	True	False	100	9	checkpoint/cifar100_baseline_10way10shot_finetune_base_inc_frozen	[224, 224]
0.05	3.48	1.42	[11.64, 2.07, 1.23, 1.17, 1.16, 1.16, 1.16, 1.16, 0.05]	[nan, 8.2, 6.97, 4.87, 3.73, 2.99, 2.49, 2.17, 3.48]	[11.64, 2.54, 2.05, 1.9, 1.8, 1.7, 1.6, 1.53, 1.42]	cifar100_baseline_10way10shot_finetune_base_inc_frozen	cifar100	./data	64	10	0.001	Cosine	[60, 70]	40	0.0005	0.9	1.0	128	65536	0.999	0.07	0.0	2	./checkpoint/moco_v3.pth	vit-b16	1	5	5	-1	60	False	100	15	8	2	3	0	False	pytorch	nccl	None	5	0	6	[]	0	1	-1	1	False	True	False	False	100	9	checkpoint/cifar100_baseline_10way10shot_finetune_base_inc_frozen	[224, 224]
