base_last	incremental_last	all_last	base	incremental	all	exp_name	dataset	dataroot	batch_size_base	epochs_base	lr_base	schedule	milestones	step	decay	momentum	ce_loss_factor	moco_dim	moco_k	moco_m	moco_t	moco_loss_factor	num_views	pre_trained_url	encoder	num_mlp	shot	way	session	base_class	incft	test_batch_size	eval_freq	num_workers	seed	num_seeds	gpu	distributed	distributed_launcher	distributed_backend	pet_cls	rank	pet_tuning_start_epoch	encoder_ft_start_layer	adapt_blocks	encoder_ft_start_epoch	encoder_lr_factor	limited_base_class	limited_base_samples	pet_on_teacher	update_base_classifier_with_prototypes	add_bias_in_classifier	num_classes	sessions	save_path	size_crops
0.0	12.27	10.91	[10.57, 0.0, 0.0, 0.0, 0.0, 0.0, 0.0, 0.0, 0.0]	[nan, 36.57, 22.27, 19.52, 16.03, 13.89, 13.31, 12.49, 12.27]	[10.57, 18.28, 14.84, 14.64, 12.82, 11.58, 11.41, 10.93, 10.91]	cifar100_baseline_10way10shot_finetune_base_inc_frozen	cifar100	./data	64	10	0.01	Cosine	[60, 70]	40	0.0005	0.9	1.0	128	65536	0.999	0.07	0.0	2	./checkpoint/moco_v3.pth	vit-b16	1	10	10	-1	10	False	100	15	8	2	3	0	False	pytorch	nccl	None	5	0	-1	[]	0	1	-1	1	False	False	False	100	9	checkpoint/cifar100_baseline_10way10shot_finetune_base_inc_frozen	[224, 224]
0.0	20.25	18.0	[0.1, 0.0, 0.0, 0.0, 0.0, 0.0, 0.0, 0.0, 0.0]	[nan, 49.7, 29.58, 28.16, 22.94, 21.37, 20.97, 20.67, 20.25]	[0.1, 24.85, 19.72, 21.12, 18.35, 17.8, 17.98, 18.08, 18.0]	cifar100_baseline_10way10shot_finetune_base_inc_frozen	cifar100	./data	64	10	0.001	Cosine	[60, 70]	40	0.0005	0.9	1.0	128	65536	0.999	0.07	0.0	2	./checkpoint/moco_v3.pth	vit-b16	1	10	10	-1	10	False	100	15	8	2	3	0	False	pytorch	nccl	None	5	0	11	[]	0	1	-1	1	False	False	False	100	9	checkpoint/cifar100_baseline_10way10shot_finetune_base_inc_frozen	[224, 224]
0.0	2.9	2.57	[12.53, 0.0, 0.0, 0.0, 0.0, 0.0, 0.0, 0.0, 0.0]	[nan, 12.03, 7.62, 5.44, 4.76, 4.05, 3.53, 3.08, 2.9]	[12.53, 6.02, 5.08, 4.08, 3.81, 3.38, 3.03, 2.69, 2.57]	cifar100_baseline_10way10shot_finetune_base_inc_frozen	cifar100	./data	64	20	0.01	Cosine	[60, 70]	40	0.0005	0.9	1.0	128	65536	0.999	0.07	0.0	2	./checkpoint/moco_v3.pth	vit-b16	1	10	10	-1	10	False	100	15	8	2	3	0	False	pytorch	nccl	None	5	0	4	[]	0	1	-1	1	False	False	False	100	9	checkpoint/cifar100_baseline_10way10shot_finetune_base_inc_frozen	[224, 224]
17.33	5.87	7.15	[24.27, 24.07, 19.4, 19.4, 17.63, 17.63, 17.47, 17.47, 17.33]	[nan, 7.1, 13.15, 11.09, 8.17, 6.65, 6.19, 5.74, 5.87]	[24.27, 15.58, 15.24, 13.16, 10.06, 8.48, 7.8, 7.2, 7.15]	cifar100_baseline_10way10shot_finetune_base_inc_frozen	cifar100	./data	64	15	0.01	Cosine	[60, 70]	40	0.0005	0.9	1.0	128	65536	0.999	0.07	0.0	2	./checkpoint/moco_v3.pth	vit-b16	1	10	10	-1	10	False	100	15	8	2	3	0	False	pytorch	nccl	None	5	0	-1	[]	0	1	-1	1	False	True	False	100	9	checkpoint/cifar100_baseline_10way10shot_finetune_base_inc_frozen	[224, 224]
0.0	20.23	17.98	[10.17, 0.0, 0.0, 0.0, 0.0, 0.0, 0.0, 0.0, 0.0]	[nan, 49.6, 29.75, 28.3, 22.98, 21.4, 20.93, 20.61, 20.23]	[10.17, 24.8, 19.83, 21.22, 18.38, 17.83, 17.94, 18.04, 17.98]	cifar100_baseline_10way10shot_finetune_base_inc_frozen	cifar100	./data	64	15	0.01	Cosine	[60, 70]	40	0.0005	0.9	1.0	128	65536	0.999	0.07	0.0	2	./checkpoint/moco_v3.pth	vit-b16	1	10	10	-1	10	False	100	15	8	2	3	0	False	pytorch	nccl	None	5	0	12	[]	0	1	-1	1	False	False	False	100	9	checkpoint/cifar100_baseline_10way10shot_finetune_base_inc_frozen	[224, 224]
12.87	1.54	2.79	[17.9, 13.07, 13.07, 13.07, 12.87, 12.87, 12.87, 12.87, 12.87]	[nan, 0.1, 3.65, 2.43, 3.07, 2.45, 2.04, 1.75, 1.54]	[17.9, 6.58, 6.79, 5.09, 5.03, 4.19, 3.59, 3.14, 2.79]	cifar100_baseline_10way10shot_finetune_base_inc_frozen	cifar100	./data	64	20	0.01	Cosine	[60, 70]	40	0.0005	0.9	1.0	128	65536	0.999	0.07	0.0	2	./checkpoint/moco_v3.pth	vit-b16	1	10	10	-1	10	False	100	15	8	2	3	0	False	pytorch	nccl	None	5	0	6	[]	0	1	-1	1	False	True	False	100	9	checkpoint/cifar100_baseline_10way10shot_finetune_base_inc_frozen	[224, 224]
0.0	20.23	17.98	[9.93, 0.0, 0.0, 0.0, 0.0, 0.0, 0.0, 0.0, 0.0]	[nan, 49.6, 29.75, 28.3, 22.98, 21.4, 20.93, 20.61, 20.23]	[9.93, 24.8, 19.83, 21.22, 18.38, 17.83, 17.94, 18.04, 17.98]	cifar100_baseline_10way10shot_finetune_base_inc_frozen	cifar100	./data	64	10	0.01	Cosine	[60, 70]	40	0.0005	0.9	1.0	128	65536	0.999	0.07	0.0	2	./checkpoint/moco_v3.pth	vit-b16	1	10	10	-1	10	False	100	15	8	2	3	0	False	pytorch	nccl	None	5	0	12	[]	0	1	-1	1	False	False	False	100	9	checkpoint/cifar100_baseline_10way10shot_finetune_base_inc_frozen	[224, 224]
31.5	19.65	20.97	[51.1, 50.5, 37.3, 36.7, 33.7, 33.7, 32.2, 32.2, 31.5]	[nan, 23.1, 28.55, 27.63, 22.43, 20.82, 20.47, 20.2, 19.65]	[51.1, 36.8, 31.47, 29.9, 24.68, 22.97, 22.14, 21.7, 20.97]	cifar100_baseline_10way10shot_finetune_base_inc_frozen	cifar100	./data	64	10	0.01	Cosine	[60, 70]	40	0.0005	0.9	1.0	128	65536	0.999	0.07	0.0	2	./checkpoint/moco_v3.pth	vit-b16	1	10	10	-1	10	False	100	15	8	2	3	0	False	pytorch	nccl	None	5	0	12	[]	0	1	-1	1	False	True	False	100	9	checkpoint/cifar100_baseline_10way10shot_finetune_base_inc_frozen	[224, 224]
0.0	20.23	17.98	[6.57, 0.0, 0.0, 0.0, 0.0, 0.0, 0.0, 0.0, 0.0]	[nan, 49.6, 29.75, 28.3, 22.98, 21.4, 20.93, 20.61, 20.23]	[6.57, 24.8, 19.83, 21.22, 18.38, 17.83, 17.94, 18.04, 17.98]	cifar100_baseline_10way10shot_finetune_base_inc_frozen	cifar100	./data	64	20	0.001	Cosine	[60, 70]	40	0.0005	0.9	1.0	128	65536	0.999	0.07	0.0	2	./checkpoint/moco_v3.pth	vit-b16	1	10	10	-1	10	False	100	15	8	2	3	0	False	pytorch	nccl	None	5	0	12	[]	0	1	-1	1	False	False	False	100	9	checkpoint/cifar100_baseline_10way10shot_finetune_base_inc_frozen	[224, 224]
0.0	20.4	18.13	[2.07, 0.0, 0.0, 0.0, 0.0, 0.0, 0.0, 0.0, 0.0]	[nan, 50.23, 29.82, 28.25, 23.11, 21.56, 21.14, 20.83, 20.4]	[2.07, 25.12, 19.88, 21.18, 18.49, 17.97, 18.12, 18.23, 18.13]	cifar100_baseline_10way10shot_finetune_base_inc_frozen	cifar100	./data	64	20	0.001	Cosine	[60, 70]	40	0.0005	0.9	1.0	128	65536	0.999	0.07	0.0	2	./checkpoint/moco_v3.pth	vit-b16	1	10	10	-1	10	False	100	15	8	2	3	0	False	pytorch	nccl	None	5	0	2	[]	0	1	-1	1	False	False	False	100	9	checkpoint/cifar100_baseline_10way10shot_finetune_base_inc_frozen	[224, 224]
0.0	19.87	17.66	[0.47, 0.0, 0.0, 0.0, 0.0, 0.0, 0.0, 0.0, 0.0]	[nan, 48.97, 29.1, 27.74, 22.48, 20.92, 20.47, 20.27, 19.87]	[0.47, 24.48, 19.4, 20.8, 17.98, 17.43, 17.54, 17.73, 17.66]	cifar100_baseline_10way10shot_finetune_base_inc_frozen	cifar100	./data	64	10	0.001	Cosine	[60, 70]	40	0.0005	0.9	1.0	128	65536	0.999	0.07	0.0	2	./checkpoint/moco_v3.pth	vit-b16	1	10	10	-1	10	False	100	15	8	2	3	0	False	pytorch	nccl	None	5	0	4	[]	0	1	-1	1	False	False	False	100	9	checkpoint/cifar100_baseline_10way10shot_finetune_base_inc_frozen	[224, 224]
24.93	14.31	15.49	[40.27, 39.77, 27.4, 27.13, 25.77, 25.77, 25.17, 25.17, 24.93]	[nan, 15.87, 22.52, 20.22, 17.0, 15.73, 15.36, 14.69, 14.31]	[40.27, 27.82, 24.15, 21.95, 18.75, 17.4, 16.76, 16.01, 15.49]	cifar100_baseline_10way10shot_finetune_base_inc_frozen	cifar100	./data	64	10	0.01	Cosine	[60, 70]	40	0.0005	0.9	1.0	128	65536	0.999	0.07	0.0	2	./checkpoint/moco_v3.pth	vit-b16	1	10	10	-1	10	False	100	15	8	2	3	0	False	pytorch	nccl	None	5	0	11	[]	0	1	-1	1	False	True	False	100	9	checkpoint/cifar100_baseline_10way10shot_finetune_base_inc_frozen	[224, 224]
0.0	7.93	7.05	[15.4, 0.0, 0.0, 0.0, 0.0, 0.0, 0.0, 0.0, 0.0]	[nan, 16.03, 15.13, 11.82, 11.83, 10.19, 9.34, 8.59, 7.93]	[15.4, 8.02, 10.09, 8.87, 9.46, 8.49, 8.0, 7.51, 7.05]	cifar100_baseline_10way10shot_finetune_base_inc_frozen	cifar100	./data	64	15	0.01	Cosine	[60, 70]	40	0.0005	0.9	1.0	128	65536	0.999	0.07	0.0	2	./checkpoint/moco_v3.pth	vit-b16	1	10	10	-1	10	False	100	15	8	2	3	0	False	pytorch	nccl	None	5	0	11	[]	0	1	-1	1	False	False	False	100	9	checkpoint/cifar100_baseline_10way10shot_finetune_base_inc_frozen	[224, 224]
31.47	19.6	20.91	[50.93, 50.4, 37.17, 36.57, 33.63, 33.63, 32.17, 32.17, 31.47]	[nan, 23.0, 28.48, 27.54, 22.28, 20.69, 20.39, 20.14, 19.6]	[50.93, 36.7, 31.38, 29.8, 24.55, 22.85, 22.08, 21.64, 20.91]	cifar100_baseline_10way10shot_finetune_base_inc_frozen	cifar100	./data	64	10	0.001	Cosine	[60, 70]	40	0.0005	0.9	1.0	128	65536	0.999	0.07	0.0	2	./checkpoint/moco_v3.pth	vit-b16	1	10	10	-1	10	False	100	15	8	2	3	0	False	pytorch	nccl	None	5	0	10	[]	0	1	-1	1	False	True	False	100	9	checkpoint/cifar100_baseline_10way10shot_finetune_base_inc_frozen	[224, 224]
31.9	19.85	21.19	[52.03, 51.43, 37.8, 37.13, 34.03, 33.97, 32.4, 32.4, 31.9]	[nan, 23.57, 28.53, 27.56, 22.39, 20.85, 20.66, 20.4, 19.85]	[52.03, 37.5, 31.62, 29.96, 24.71, 23.04, 22.34, 21.9, 21.19]	cifar100_baseline_10way10shot_finetune_base_inc_frozen	cifar100	./data	64	20	0.001	Cosine	[60, 70]	40	0.0005	0.9	1.0	128	65536	0.999	0.07	0.0	2	./checkpoint/moco_v3.pth	vit-b16	1	10	10	-1	10	False	100	15	8	2	3	0	False	pytorch	nccl	None	5	0	4	[]	0	1	-1	1	False	True	False	100	9	checkpoint/cifar100_baseline_10way10shot_finetune_base_inc_frozen	[224, 224]
0.0	20.23	17.98	[4.97, 0.0, 0.0, 0.0, 0.0, 0.0, 0.0, 0.0, 0.0]	[nan, 49.6, 29.75, 28.3, 22.98, 21.4, 20.93, 20.61, 20.23]	[4.97, 24.8, 19.83, 21.22, 18.38, 17.83, 17.94, 18.04, 17.98]	cifar100_baseline_10way10shot_finetune_base_inc_frozen	cifar100	./data	64	15	0.001	Cosine	[60, 70]	40	0.0005	0.9	1.0	128	65536	0.999	0.07	0.0	2	./checkpoint/moco_v3.pth	vit-b16	1	10	10	-1	10	False	100	15	8	2	3	0	False	pytorch	nccl	None	5	0	12	[]	0	1	-1	1	False	False	False	100	9	checkpoint/cifar100_baseline_10way10shot_finetune_base_inc_frozen	[224, 224]
24.93	12.23	13.64	[35.63, 35.37, 29.1, 28.77, 25.7, 25.7, 25.03, 25.03, 24.93]	[nan, 11.8, 21.47, 19.41, 15.3, 13.45, 12.71, 12.39, 12.23]	[35.63, 23.58, 24.01, 21.75, 17.38, 15.49, 14.47, 13.97, 13.64]	cifar100_baseline_10way10shot_finetune_base_inc_frozen	cifar100	./data	64	10	0.01	Cosine	[60, 70]	40	0.0005	0.9	1.0	128	65536	0.999	0.07	0.0	2	./checkpoint/moco_v3.pth	vit-b16	1	10	10	-1	10	False	100	15	8	2	3	0	False	pytorch	nccl	None	5	0	6	[]	0	1	-1	1	False	True	False	False	100	9	checkpoint/cifar100_baseline_10way10shot_finetune_base_inc_frozen	[224, 224]
0.0	19.7	17.51	[8.3, 0.0, 0.0, 0.0, 0.0, 0.0, 0.0, 0.0, 0.0]	[nan, 49.1, 29.55, 27.82, 22.5, 20.98, 20.43, 20.16, 19.7]	[8.3, 24.55, 19.7, 20.86, 18.0, 17.48, 17.52, 17.64, 17.51]	cifar100_baseline_10way10shot_finetune_base_inc_frozen	cifar100	./data	64	15	0.001	Cosine	[60, 70]	40	0.0005	0.9	1.0	128	65536	0.999	0.07	0.0	2	./checkpoint/moco_v3.pth	vit-b16	1	10	10	-1	10	False	100	15	8	2	3	0	False	pytorch	nccl	None	5	0	-1	[]	0	1	-1	1	False	False	False	100	9	checkpoint/cifar100_baseline_10way10shot_finetune_base_inc_frozen	[224, 224]
31.03	19.23	20.54	[51.07, 50.5, 37.37, 36.73, 33.5, 33.5, 31.7, 31.7, 31.03]	[nan, 23.07, 28.3, 27.28, 21.88, 20.25, 19.98, 19.7, 19.23]	[51.07, 36.78, 31.32, 29.64, 24.2, 22.46, 21.66, 21.2, 20.54]	cifar100_baseline_10way10shot_finetune_base_inc_frozen	cifar100	./data	64	15	0.001	Cosine	[60, 70]	40	0.0005	0.9	1.0	128	65536	0.999	0.07	0.0	2	./checkpoint/moco_v3.pth	vit-b16	1	10	10	-1	10	False	100	15	8	2	3	0	False	pytorch	nccl	None	5	0	10	[]	0	1	-1	1	False	True	False	100	9	checkpoint/cifar100_baseline_10way10shot_finetune_base_inc_frozen	[224, 224]
31.5	19.65	20.97	[51.1, 50.5, 37.3, 36.7, 33.7, 33.7, 32.2, 32.2, 31.5]	[nan, 23.1, 28.55, 27.63, 22.43, 20.82, 20.47, 20.2, 19.65]	[51.1, 36.8, 31.47, 29.9, 24.68, 22.97, 22.14, 21.7, 20.97]	cifar100_baseline_10way10shot_finetune_base_inc_frozen	cifar100	./data	64	20	0.01	Cosine	[60, 70]	40	0.0005	0.9	1.0	128	65536	0.999	0.07	0.0	2	./checkpoint/moco_v3.pth	vit-b16	1	10	10	-1	10	False	100	15	8	2	3	0	False	pytorch	nccl	None	5	0	12	[]	0	1	-1	1	False	True	False	100	9	checkpoint/cifar100_baseline_10way10shot_finetune_base_inc_frozen	[224, 224]
0.0	9.42	8.37	[12.4, 0.0, 0.0, 0.0, 0.0, 0.0, 0.0, 0.0, 0.0]	[nan, 28.67, 18.87, 16.51, 12.97, 11.43, 10.38, 9.55, 9.42]	[12.4, 14.33, 12.58, 12.38, 10.37, 9.53, 8.9, 8.35, 8.37]	cifar100_baseline_10way10shot_finetune_base_inc_frozen	cifar100	./data	64	15	0.01	Cosine	[60, 70]	40	0.0005	0.9	1.0	128	65536	0.999	0.07	0.0	2	./checkpoint/moco_v3.pth	vit-b16	1	10	10	-1	10	False	100	15	8	2	3	0	False	pytorch	nccl	None	5	0	6	[]	0	1	-1	1	False	False	False	False	100	9	checkpoint/cifar100_baseline_10way10shot_finetune_base_inc_frozen	[224, 224]
0.0	20.17	17.93	[7.5, 0.0, 0.0, 0.0, 0.0, 0.0, 0.0, 0.0, 0.0]	[nan, 49.63, 29.75, 28.11, 22.95, 21.39, 20.97, 20.6, 20.17]	[7.5, 24.82, 19.83, 21.08, 18.35, 17.82, 17.97, 18.03, 17.93]	cifar100_baseline_10way10shot_finetune_base_inc_frozen	cifar100	./data	64	20	0.001	Cosine	[60, 70]	40	0.0005	0.9	1.0	128	65536	0.999	0.07	0.0	2	./checkpoint/moco_v3.pth	vit-b16	1	10	10	-1	10	False	100	15	8	2	3	0	False	pytorch	nccl	None	5	0	4	[]	0	1	-1	1	False	False	False	100	9	checkpoint/cifar100_baseline_10way10shot_finetune_base_inc_frozen	[224, 224]
0.0	19.96	17.74	[6.37, 0.0, 0.0, 0.0, 0.0, 0.0, 0.0, 0.0, 0.0]	[nan, 48.93, 29.8, 28.13, 22.69, 21.21, 20.67, 20.38, 19.96]	[6.37, 24.47, 19.87, 21.1, 18.15, 17.67, 17.72, 17.83, 17.74]	cifar100_baseline_10way10shot_finetune_base_inc_frozen	cifar100	./data	64	20	0.001	Cosine	[60, 70]	40	0.0005	0.9	1.0	128	65536	0.999	0.07	0.0	2	./checkpoint/moco_v3.pth	vit-b16	1	10	10	-1	10	False	100	15	8	2	3	0	False	pytorch	nccl	None	5	0	6	[]	0	1	-1	1	False	False	False	False	100	9	checkpoint/cifar100_baseline_10way10shot_finetune_base_inc_frozen	[224, 224]
18.1	3.39	5.02	[20.23, 20.23, 18.23, 18.23, 18.1, 18.1, 18.1, 18.1, 18.1]	[nan, 1.77, 9.13, 7.28, 5.92, 5.15, 4.35, 3.76, 3.39]	[20.23, 11.0, 12.17, 10.01, 8.35, 7.31, 6.31, 5.55, 5.02]	cifar100_baseline_10way10shot_finetune_base_inc_frozen	cifar100	./data	64	20	0.01	Cosine	[60, 70]	40	0.0005	0.9	1.0	128	65536	0.999	0.07	0.0	2	./checkpoint/moco_v3.pth	vit-b16	1	10	10	-1	10	False	100	15	8	2	3	0	False	pytorch	nccl	None	5	0	11	[]	0	1	-1	1	False	True	False	False	100	9	checkpoint/cifar100_baseline_10way10shot_finetune_base_inc_frozen	[224, 224]
31.3	19.56	20.87	[51.6, 51.0, 37.17, 36.5, 33.37, 33.33, 31.9, 31.9, 31.3]	[nan, 24.07, 28.63, 27.66, 22.3, 20.69, 20.43, 20.08, 19.56]	[51.6, 37.53, 31.48, 29.86, 24.51, 22.8, 22.07, 21.56, 20.87]	cifar100_baseline_10way10shot_finetune_base_inc_frozen	cifar100	./data	64	15	0.001	Cosine	[60, 70]	40	0.0005	0.9	1.0	128	65536	0.999	0.07	0.0	2	./checkpoint/moco_v3.pth	vit-b16	1	10	10	-1	10	False	100	15	8	2	3	0	False	pytorch	nccl	None	5	0	2	[]	0	1	-1	1	False	True	False	False	100	9	checkpoint/cifar100_baseline_10way10shot_finetune_base_inc_frozen	[224, 224]
32.0	19.96	21.29	[50.9, 50.33, 37.57, 36.93, 33.93, 33.93, 32.47, 32.47, 32.0]	[nan, 22.8, 28.77, 27.77, 22.79, 21.19, 20.93, 20.58, 19.96]	[50.9, 36.57, 31.7, 30.05, 25.02, 23.31, 22.57, 22.06, 21.29]	cifar100_baseline_10way10shot_finetune_base_inc_frozen	cifar100	./data	64	15	0.001	Cosine	[60, 70]	40	0.0005	0.9	1.0	128	65536	0.999	0.07	0.0	2	./checkpoint/moco_v3.pth	vit-b16	1	10	10	-1	10	False	100	15	8	2	3	0	False	pytorch	nccl	None	5	0	6	[]	0	1	-1	1	False	True	False	False	100	9	checkpoint/cifar100_baseline_10way10shot_finetune_base_inc_frozen	[224, 224]
31.57	19.4	20.75	[50.97, 50.43, 37.93, 37.3, 34.23, 34.23, 32.4, 32.4, 31.57]	[nan, 21.9, 28.52, 27.41, 22.16, 20.61, 20.18, 20.01, 19.4]	[50.97, 36.17, 31.66, 29.88, 24.57, 22.88, 21.92, 21.56, 20.75]	cifar100_baseline_10way10shot_finetune_base_inc_frozen	cifar100	./data	64	15	0.001	Cosine	[60, 70]	40	0.0005	0.9	1.0	128	65536	0.999	0.07	0.0	2	./checkpoint/moco_v3.pth	vit-b16	1	10	10	-1	10	False	100	15	8	2	3	0	False	pytorch	nccl	None	5	0	-1	[]	0	1	-1	1	False	True	False	False	100	9	checkpoint/cifar100_baseline_10way10shot_finetune_base_inc_frozen	[224, 224]
0.0	19.98	17.76	[9.77, 0.0, 0.0, 0.0, 0.0, 0.0, 0.0, 0.0, 0.0]	[nan, 49.33, 29.68, 28.26, 22.77, 21.13, 20.67, 20.39, 19.98]	[9.77, 24.67, 19.79, 21.19, 18.21, 17.61, 17.72, 17.84, 17.76]	cifar100_baseline_10way10shot_finetune_base_inc_frozen	cifar100	./data	64	15	0.001	Cosine	[60, 70]	40	0.0005	0.9	1.0	128	65536	0.999	0.07	0.0	2	./checkpoint/moco_v3.pth	vit-b16	1	10	10	-1	10	False	100	15	8	2	3	0	False	pytorch	nccl	None	5	0	11	[]	0	1	-1	1	False	False	False	False	100	9	checkpoint/cifar100_baseline_10way10shot_finetune_base_inc_frozen	[224, 224]
0.0	19.99	17.77	[6.17, 0.0, 0.0, 0.0, 0.0, 0.0, 0.0, 0.0, 0.0]	[nan, 49.07, 29.37, 27.9, 22.74, 21.14, 20.68, 20.38, 19.99]	[6.17, 24.53, 19.58, 20.92, 18.19, 17.62, 17.72, 17.83, 17.77]	cifar100_baseline_10way10shot_finetune_base_inc_frozen	cifar100	./data	64	15	0.001	Cosine	[60, 70]	40	0.0005	0.9	1.0	128	65536	0.999	0.07	0.0	2	./checkpoint/moco_v3.pth	vit-b16	1	10	10	-1	10	False	100	15	8	2	3	0	False	pytorch	nccl	None	5	0	4	[]	0	1	-1	1	False	False	False	False	100	9	checkpoint/cifar100_baseline_10way10shot_finetune_base_inc_frozen	[224, 224]
31.7	19.84	21.16	[51.0, 50.43, 37.4, 36.8, 33.83, 33.83, 32.3, 32.3, 31.7]	[nan, 23.03, 28.65, 27.63, 22.53, 20.93, 20.69, 20.44, 19.84]	[51.0, 36.73, 31.57, 29.92, 24.79, 23.08, 22.35, 21.92, 21.16]	cifar100_baseline_10way10shot_finetune_base_inc_frozen	cifar100	./data	64	10	0.001	Cosine	[60, 70]	40	0.0005	0.9	1.0	128	65536	0.999	0.07	0.0	2	./checkpoint/moco_v3.pth	vit-b16	1	10	10	-1	10	False	100	15	8	2	3	0	False	pytorch	nccl	None	5	0	6	[]	0	1	-1	1	False	True	False	False	100	9	checkpoint/cifar100_baseline_10way10shot_finetune_base_inc_frozen	[224, 224]
14.73	7.29	8.11	[32.67, 31.97, 22.13, 21.83, 14.97, 14.97, 14.73, 14.73, 14.73]	[nan, 10.47, 16.87, 14.82, 9.84, 8.74, 8.14, 7.41, 7.29]	[32.67, 21.22, 18.62, 16.57, 10.87, 9.78, 9.08, 8.32, 8.11]	cifar100_baseline_10way10shot_finetune_base_inc_frozen	cifar100	./data	64	15	0.01	Cosine	[60, 70]	40	0.0005	0.9	1.0	128	65536	0.999	0.07	0.0	2	./checkpoint/moco_v3.pth	vit-b16	1	10	10	-1	10	False	100	15	8	2	3	0	False	pytorch	nccl	None	5	0	11	[]	0	1	-1	1	False	True	False	False	100	9	checkpoint/cifar100_baseline_10way10shot_finetune_base_inc_frozen	[224, 224]
11.8	2.87	3.87	[18.87, 18.37, 14.53, 14.53, 11.8, 11.8, 11.8, 11.8, 11.8]	[nan, 1.93, 9.67, 7.32, 5.31, 4.25, 3.75, 3.23, 2.87]	[18.87, 10.15, 11.29, 9.12, 6.61, 5.51, 4.9, 4.29, 3.87]	cifar100_baseline_10way10shot_finetune_base_inc_frozen	cifar100	./data	64	15	0.01	Cosine	[60, 70]	40	0.0005	0.9	1.0	128	65536	0.999	0.07	0.0	2	./checkpoint/moco_v3.pth	vit-b16	1	10	10	-1	10	False	100	15	8	2	3	0	False	pytorch	nccl	None	5	0	4	[]	0	1	-1	1	False	True	False	False	100	9	checkpoint/cifar100_baseline_10way10shot_finetune_base_inc_frozen	[224, 224]
6.27	1.56	2.08	[21.77, 21.77, 8.97, 8.97, 8.93, 8.9, 8.9, 8.83, 6.27]	[nan, 2.97, 4.77, 3.45, 3.18, 2.75, 2.33, 2.28, 1.56]	[21.77, 12.37, 6.17, 4.83, 4.33, 3.77, 3.27, 3.1, 2.08]	cifar100_baseline_10way10shot_finetune_base_inc_frozen	cifar100	./data	64	20	0.01	Cosine	[60, 70]	40	0.0005	0.9	1.0	128	65536	0.999	0.07	0.0	2	./checkpoint/moco_v3.pth	vit-b16	1	10	10	-1	10	False	100	15	8	2	3	0	False	pytorch	nccl	None	5	0	-1	[]	0	1	-1	1	False	True	False	False	100	9	checkpoint/cifar100_baseline_10way10shot_finetune_base_inc_frozen	[224, 224]
0.0	19.23	17.09	[6.17, 0.0, 0.0, 0.0, 0.0, 0.0, 0.0, 0.0, 0.0]	[nan, 48.23, 28.75, 26.97, 21.94, 20.39, 19.79, 19.61, 19.23]	[6.17, 24.12, 19.17, 20.22, 17.55, 16.99, 16.96, 17.16, 17.09]	cifar100_baseline_10way10shot_finetune_base_inc_frozen	cifar100	./data	64	20	0.001	Cosine	[60, 70]	40	0.0005	0.9	1.0	128	65536	0.999	0.07	0.0	2	./checkpoint/moco_v3.pth	vit-b16	1	10	10	-1	10	False	100	15	8	2	3	0	False	pytorch	nccl	None	5	0	-1	[]	0	1	-1	1	False	False	False	False	100	9	checkpoint/cifar100_baseline_10way10shot_finetune_base_inc_frozen	[224, 224]
13.93	4.3	5.37	[16.6, 16.4, 15.1, 15.1, 13.93, 13.93, 13.93, 13.93, 13.93]	[nan, 2.17, 9.43, 7.02, 6.12, 5.05, 4.89, 4.43, 4.3]	[16.6, 9.28, 11.32, 9.04, 7.68, 6.53, 6.19, 5.62, 5.37]	cifar100_baseline_10way10shot_finetune_base_inc_frozen	cifar100	./data	64	20	0.01	Cosine	[60, 70]	40	0.0005	0.9	1.0	128	65536	0.999	0.07	0.0	2	./checkpoint/moco_v3.pth	vit-b16	1	10	10	-1	10	False	100	15	8	2	3	0	False	pytorch	nccl	None	5	0	8	[]	0	1	-1	1	False	True	False	False	100	9	checkpoint/cifar100_baseline_10way10shot_finetune_base_inc_frozen	[224, 224]
31.27	19.42	20.74	[50.7, 50.13, 37.03, 36.47, 33.33, 33.3, 31.83, 31.83, 31.27]	[nan, 22.8, 28.25, 27.11, 22.1, 20.56, 20.28, 19.99, 19.42]	[50.7, 36.47, 31.18, 29.45, 24.35, 22.69, 21.93, 21.47, 20.74]	cifar100_baseline_10way10shot_finetune_base_inc_frozen	cifar100	./data	64	20	0.001	Cosine	[60, 70]	40	0.0005	0.9	1.0	128	65536	0.999	0.07	0.0	2	./checkpoint/moco_v3.pth	vit-b16	1	10	10	-1	10	False	100	15	8	2	3	0	False	pytorch	nccl	None	5	0	8	[]	0	1	-1	1	False	True	False	False	100	9	checkpoint/cifar100_baseline_10way10shot_finetune_base_inc_frozen	[224, 224]
16.43	7.25	8.26	[29.1, 26.47, 21.43, 21.27, 16.47, 16.47, 16.43, 16.43, 16.43]	[nan, 9.13, 14.57, 13.1, 9.95, 8.89, 8.3, 7.81, 7.25]	[29.1, 17.8, 16.86, 15.14, 11.25, 10.16, 9.46, 8.89, 8.26]	cifar100_baseline_10way10shot_finetune_base_inc_frozen	cifar100	./data	64	15	0.01	Cosine	[60, 70]	40	0.0005	0.9	1.0	128	65536	0.999	0.07	0.0	2	./checkpoint/moco_v3.pth	vit-b16	1	10	10	-1	10	False	100	15	8	2	3	0	False	pytorch	nccl	None	5	0	6	[]	0	1	-1	1	False	True	False	False	100	9	checkpoint/cifar100_baseline_10way10shot_finetune_base_inc_frozen	[224, 224]
29.3	17.65	18.94	[47.43, 46.57, 34.6, 34.0, 31.33, 31.3, 29.5, 29.5, 29.3]	[nan, 18.2, 26.2, 24.91, 20.88, 19.15, 18.59, 18.22, 17.65]	[47.43, 32.38, 29.0, 27.18, 22.97, 21.17, 20.15, 19.63, 18.94]	cifar100_baseline_10way10shot_finetune_base_inc_frozen	cifar100	./data	64	10	0.01	Cosine	[60, 70]	40	0.0005	0.9	1.0	128	65536	0.999	0.07	0.0	2	./checkpoint/moco_v3.pth	vit-b16	1	10	10	-1	10	False	100	15	8	2	3	0	False	pytorch	nccl	None	5	0	8	[]	0	1	-1	1	False	True	False	False	100	9	checkpoint/cifar100_baseline_10way10shot_finetune_base_inc_frozen	[224, 224]
0.0	20.78	18.48	[0.13, 0.0, 0.0, 0.0, 0.0, 0.0, 0.0, 0.0, 0.0]	[nan, 51.1, 30.35, 28.71, 23.54, 21.99, 21.69, 21.29, 20.78]	[0.13, 25.55, 20.23, 21.53, 18.83, 18.32, 18.59, 18.63, 18.48]	cifar100_baseline_10way10shot_finetune_base_inc_frozen	cifar100	./data	64	15	0.001	Cosine	[60, 70]	40	0.0005	0.9	1.0	128	65536	0.999	0.07	0.0	2	./checkpoint/moco_v3.pth	vit-b16	1	10	10	-1	10	False	100	15	8	2	3	0	False	pytorch	nccl	None	5	0	6	[]	0	1	-1	1	False	False	False	False	100	9	checkpoint/cifar100_baseline_10way10shot_finetune_base_inc_frozen	[224, 224]
25.4	9.93	11.65	[31.8, 31.5, 28.4, 28.37, 27.47, 27.47, 26.07, 26.07, 25.4]	[nan, 9.17, 19.43, 16.41, 13.5, 11.45, 10.76, 10.2, 9.93]	[31.8, 20.33, 22.42, 19.4, 16.29, 14.12, 12.95, 12.19, 11.65]	cifar100_baseline_10way10shot_finetune_base_inc_frozen	cifar100	./data	64	15	0.01	Cosine	[60, 70]	40	0.0005	0.9	1.0	128	65536	0.999	0.07	0.0	2	./checkpoint/moco_v3.pth	vit-b16	1	10	10	-1	10	False	100	15	8	2	3	0	False	pytorch	nccl	None	5	0	2	[]	0	1	-1	1	False	True	False	False	100	9	checkpoint/cifar100_baseline_10way10shot_finetune_base_inc_frozen	[224, 224]
31.53	19.81	21.11	[51.07, 50.47, 37.37, 36.73, 33.7, 33.7, 32.2, 32.2, 31.53]	[nan, 23.37, 28.65, 27.73, 22.51, 20.91, 20.63, 20.39, 19.81]	[51.07, 36.92, 31.55, 29.98, 24.75, 23.04, 22.28, 21.87, 21.11]	cifar100_baseline_10way10shot_finetune_base_inc_frozen	cifar100	./data	64	10	0.001	Cosine	[60, 70]	40	0.0005	0.9	1.0	128	65536	0.999	0.07	0.0	2	./checkpoint/moco_v3.pth	vit-b16	1	10	10	-1	10	False	100	15	8	2	3	0	False	pytorch	nccl	None	5	0	8	[]	0	1	-1	1	False	True	False	False	100	9	checkpoint/cifar100_baseline_10way10shot_finetune_base_inc_frozen	[224, 224]
0.0	17.65	15.69	[12.63, 0.0, 0.0, 0.0, 0.0, 0.0, 0.0, 0.0, 0.0]	[nan, 44.4, 28.28, 26.41, 20.52, 19.03, 18.22, 17.98, 17.65]	[12.63, 22.2, 18.85, 19.81, 16.41, 15.85, 15.62, 15.73, 15.69]	cifar100_baseline_10way10shot_finetune_base_inc_frozen	cifar100	./data	64	10	0.01	Cosine	[60, 70]	40	0.0005	0.9	1.0	128	65536	0.999	0.07	0.0	2	./checkpoint/moco_v3.pth	vit-b16	1	10	10	-1	10	False	100	15	8	2	3	0	False	pytorch	nccl	None	5	0	10	[]	0	1	-1	1	False	False	False	False	100	9	checkpoint/cifar100_baseline_10way10shot_finetune_base_inc_frozen	[224, 224]
0.0	15.81	14.05	[12.13, 0.0, 0.0, 0.0, 0.0, 0.0, 0.0, 0.0, 0.0]	[nan, 42.8, 25.12, 23.34, 18.27, 16.85, 16.35, 15.93, 15.81]	[12.13, 21.4, 16.75, 17.5, 14.61, 14.04, 14.01, 13.94, 14.05]	cifar100_baseline_10way10shot_finetune_base_inc_frozen	cifar100	./data	64	10	0.01	Cosine	[60, 70]	40	0.0005	0.9	1.0	128	65536	0.999	0.07	0.0	2	./checkpoint/moco_v3.pth	vit-b16	1	10	10	-1	10	False	100	15	8	2	3	0	False	pytorch	nccl	None	5	0	6	[]	0	1	-1	1	False	False	False	False	100	9	checkpoint/cifar100_baseline_10way10shot_finetune_base_inc_frozen	[224, 224]
31.63	19.86	21.17	[50.47, 49.8, 37.27, 36.6, 33.67, 33.67, 32.13, 32.13, 31.63]	[nan, 22.57, 28.82, 27.63, 22.64, 21.09, 20.8, 20.51, 19.86]	[50.47, 36.18, 31.63, 29.87, 24.85, 23.18, 22.42, 21.96, 21.17]	cifar100_baseline_10way10shot_finetune_base_inc_frozen	cifar100	./data	64	20	0.001	Cosine	[60, 70]	40	0.0005	0.9	1.0	128	65536	0.999	0.07	0.0	2	./checkpoint/moco_v3.pth	vit-b16	1	10	10	-1	10	False	100	15	8	2	3	0	False	pytorch	nccl	None	5	0	11	[]	0	1	-1	1	False	True	False	False	100	9	checkpoint/cifar100_baseline_10way10shot_finetune_base_inc_frozen	[224, 224]
0.0	20.43	18.16	[5.7, 0.0, 0.0, 0.0, 0.0, 0.0, 0.0, 0.0, 0.0]	[nan, 51.13, 29.78, 28.23, 23.18, 21.62, 21.22, 20.9, 20.43]	[5.7, 25.57, 19.86, 21.17, 18.54, 18.02, 18.19, 18.29, 18.16]	cifar100_baseline_10way10shot_finetune_base_inc_frozen	cifar100	./data	64	15	0.001	Cosine	[60, 70]	40	0.0005	0.9	1.0	128	65536	0.999	0.07	0.0	2	./checkpoint/moco_v3.pth	vit-b16	1	10	10	-1	10	False	100	15	8	2	3	0	False	pytorch	nccl	None	5	0	10	[]	0	1	-1	1	False	False	False	False	100	9	checkpoint/cifar100_baseline_10way10shot_finetune_base_inc_frozen	[224, 224]
0.0	6.26	5.56	[10.43, 0.0, 0.0, 0.0, 0.0, 0.0, 0.0, 0.0, 0.0]	[nan, 21.7, 14.05, 10.13, 8.69, 7.18, 6.79, 6.45, 6.26]	[10.43, 10.85, 9.37, 7.6, 6.95, 5.99, 5.82, 5.64, 5.56]	cifar100_baseline_10way10shot_finetune_base_inc_frozen	cifar100	./data	64	15	0.01	Cosine	[60, 70]	40	0.0005	0.9	1.0	128	65536	0.999	0.07	0.0	2	./checkpoint/moco_v3.pth	vit-b16	1	10	10	-1	10	False	100	15	8	2	3	0	False	pytorch	nccl	None	5	0	-1	[]	0	1	-1	1	False	False	False	False	100	9	checkpoint/cifar100_baseline_10way10shot_finetune_base_inc_frozen	[224, 224]
31.3	19.49	20.8	[50.27, 49.67, 37.1, 36.43, 33.47, 33.47, 31.87, 31.87, 31.3]	[nan, 22.43, 28.28, 27.27, 22.21, 20.63, 20.29, 20.03, 19.49]	[50.27, 36.05, 31.22, 29.56, 24.46, 22.77, 21.95, 21.51, 20.8]	cifar100_baseline_10way10shot_finetune_base_inc_frozen	cifar100	./data	64	15	0.001	Cosine	[60, 70]	40	0.0005	0.9	1.0	128	65536	0.999	0.07	0.0	2	./checkpoint/moco_v3.pth	vit-b16	1	10	10	-1	10	False	100	15	8	2	3	0	False	pytorch	nccl	None	5	0	8	[]	0	1	-1	1	False	True	False	False	100	9	checkpoint/cifar100_baseline_10way10shot_finetune_base_inc_frozen	[224, 224]
0.0	6.28	5.59	[13.77, 0.0, 0.0, 0.0, 0.0, 0.0, 0.0, 0.0, 0.0]	[nan, 20.0, 17.73, 13.98, 8.89, 7.85, 7.12, 6.6, 6.28]	[13.77, 10.0, 11.82, 10.48, 7.11, 6.54, 6.1, 5.77, 5.59]	cifar100_baseline_10way10shot_finetune_base_inc_frozen	cifar100	./data	64	20	0.01	Cosine	[60, 70]	40	0.0005	0.9	1.0	128	65536	0.999	0.07	0.0	2	./checkpoint/moco_v3.pth	vit-b16	1	10	10	-1	10	False	100	15	8	2	3	0	False	pytorch	nccl	None	5	0	11	[]	0	1	-1	1	False	False	False	False	100	9	checkpoint/cifar100_baseline_10way10shot_finetune_base_inc_frozen	[224, 224]
2.1	3.06	2.95	[25.97, 23.13, 9.33, 8.13, 2.1, 2.1, 2.1, 2.1, 2.1]	[nan, 12.3, 12.88, 10.5, 5.13, 4.64, 3.9, 3.35, 3.06]	[25.97, 17.72, 11.7, 9.91, 4.52, 4.22, 3.64, 3.19, 2.95]	cifar100_baseline_10way10shot_finetune_base_inc_frozen	cifar100	./data	64	20	0.01	Cosine	[60, 70]	40	0.0005	0.9	1.0	128	65536	0.999	0.07	0.0	2	./checkpoint/moco_v3.pth	vit-b16	1	10	10	-1	10	False	100	15	8	2	3	0	False	pytorch	nccl	None	5	0	4	[]	0	1	-1	1	False	True	False	False	100	9	checkpoint/cifar100_baseline_10way10shot_finetune_base_inc_frozen	[224, 224]
31.5	19.74	21.05	[51.2, 50.63, 36.93, 36.3, 33.37, 33.3, 32.07, 32.07, 31.5]	[nan, 23.53, 28.43, 27.34, 22.28, 20.73, 20.56, 20.32, 19.74]	[51.2, 37.08, 31.27, 29.58, 24.49, 22.83, 22.21, 21.79, 21.05]	cifar100_baseline_10way10shot_finetune_base_inc_frozen	cifar100	./data	64	15	0.001	Cosine	[60, 70]	40	0.0005	0.9	1.0	128	65536	0.999	0.07	0.0	2	./checkpoint/moco_v3.pth	vit-b16	1	10	10	-1	10	False	100	15	8	2	3	0	False	pytorch	nccl	None	5	0	11	[]	0	1	-1	1	False	True	False	False	100	9	checkpoint/cifar100_baseline_10way10shot_finetune_base_inc_frozen	[224, 224]
17.7	8.6	9.61	[30.8, 30.53, 21.3, 21.27, 18.17, 18.13, 17.87, 17.87, 17.7]	[nan, 7.67, 15.12, 12.78, 10.74, 9.94, 9.28, 8.87, 8.6]	[30.8, 19.1, 17.18, 14.9, 12.23, 11.31, 10.51, 10.0, 9.61]	cifar100_baseline_10way10shot_finetune_base_inc_frozen	cifar100	./data	64	15	0.01	Cosine	[60, 70]	40	0.0005	0.9	1.0	128	65536	0.999	0.07	0.0	2	./checkpoint/moco_v3.pth	vit-b16	1	10	10	-1	10	False	100	15	8	2	3	0	False	pytorch	nccl	None	5	0	8	[]	0	1	-1	1	False	True	False	False	100	9	checkpoint/cifar100_baseline_10way10shot_finetune_base_inc_frozen	[224, 224]
0.0	3.19	2.83	[15.1, 0.0, 0.0, 0.0, 0.0, 0.0, 0.0, 0.0, 0.0]	[nan, 10.77, 8.35, 5.89, 5.6, 4.49, 3.99, 3.44, 3.19]	[15.1, 5.38, 5.56, 4.42, 4.48, 3.75, 3.42, 3.01, 2.83]	cifar100_baseline_10way10shot_finetune_base_inc_frozen	cifar100	./data	64	20	0.01	Cosine	[60, 70]	40	0.0005	0.9	1.0	128	65536	0.999	0.07	0.0	2	./checkpoint/moco_v3.pth	vit-b16	1	10	10	-1	10	False	100	15	8	2	3	0	False	pytorch	nccl	None	5	0	8	[]	0	1	-1	1	False	False	False	False	100	9	checkpoint/cifar100_baseline_10way10shot_finetune_base_inc_frozen	[224, 224]
31.37	19.63	20.94	[50.9, 50.27, 37.0, 36.33, 33.37, 33.37, 32.03, 32.03, 31.37]	[nan, 23.33, 28.33, 27.47, 22.21, 20.68, 20.41, 20.19, 19.63]	[50.9, 36.8, 31.22, 29.68, 24.44, 22.79, 22.07, 21.67, 20.94]	cifar100_baseline_10way10shot_finetune_base_inc_frozen	cifar100	./data	64	10	0.001	Cosine	[60, 70]	40	0.0005	0.9	1.0	128	65536	0.999	0.07	0.0	2	./checkpoint/moco_v3.pth	vit-b16	1	10	10	-1	10	False	100	15	8	2	3	0	False	pytorch	nccl	None	5	0	11	[]	0	1	-1	1	False	True	False	False	100	9	checkpoint/cifar100_baseline_10way10shot_finetune_base_inc_frozen	[224, 224]
0.0	20.3	18.05	[1.37, 0.0, 0.0, 0.0, 0.0, 0.0, 0.0, 0.0, 0.0]	[nan, 49.83, 29.95, 28.41, 23.04, 21.48, 21.03, 20.74, 20.3]	[1.37, 24.92, 19.97, 21.31, 18.43, 17.9, 18.03, 18.15, 18.05]	cifar100_baseline_10way10shot_finetune_base_inc_frozen	cifar100	./data	64	10	0.001	Cosine	[60, 70]	40	0.0005	0.9	1.0	128	65536	0.999	0.07	0.0	2	./checkpoint/moco_v3.pth	vit-b16	1	10	10	-1	10	False	100	15	8	2	3	0	False	pytorch	nccl	None	5	0	8	[]	0	1	-1	1	False	False	False	False	100	9	checkpoint/cifar100_baseline_10way10shot_finetune_base_inc_frozen	[224, 224]
0.0	2.07	1.84	[17.2, 0.0, 0.0, 0.0, 0.0, 0.0, 0.0, 0.0, 0.0]	[nan, 11.93, 7.83, 5.22, 3.97, 3.23, 2.71, 2.32, 2.07]	[17.2, 5.97, 5.22, 3.92, 3.17, 2.69, 2.32, 2.03, 1.84]	cifar100_baseline_10way10shot_finetune_base_inc_frozen	cifar100	./data	64	20	0.01	Cosine	[60, 70]	40	0.0005	0.9	1.0	128	65536	0.999	0.07	0.0	2	./checkpoint/moco_v3.pth	vit-b16	1	10	10	-1	10	False	100	15	8	2	3	0	False	pytorch	nccl	None	5	0	2	[]	0	1	-1	1	False	False	False	False	100	9	checkpoint/cifar100_baseline_10way10shot_finetune_base_inc_frozen	[224, 224]
0.0	4.68	4.16	[11.5, 0.0, 0.0, 0.0, 0.0, 0.0, 0.0, 0.0, 0.0]	[nan, 20.7, 16.28, 13.29, 7.95, 6.51, 5.72, 4.96, 4.68]	[11.5, 10.35, 10.85, 9.96, 6.36, 5.42, 4.9, 4.34, 4.16]	cifar100_baseline_10way10shot_finetune_base_inc_frozen	cifar100	./data	64	15	0.01	Cosine	[60, 70]	40	0.0005	0.9	1.0	128	65536	0.999	0.07	0.0	2	./checkpoint/moco_v3.pth	vit-b16	1	10	10	-1	10	False	100	15	8	2	3	0	False	pytorch	nccl	None	5	0	8	[]	0	1	-1	1	False	False	False	False	100	9	checkpoint/cifar100_baseline_10way10shot_finetune_base_inc_frozen	[224, 224]
0.0	20.28	18.03	[0.03, 0.0, 0.0, 0.0, 0.0, 0.0, 0.0, 0.0, 0.0]	[nan, 49.8, 29.77, 28.28, 22.98, 21.47, 21.02, 20.71, 20.28]	[0.03, 24.9, 19.84, 21.21, 18.39, 17.89, 18.02, 18.12, 18.03]	cifar100_baseline_10way10shot_finetune_base_inc_frozen	cifar100	./data	64	10	0.001	Cosine	[60, 70]	40	0.0005	0.9	1.0	128	65536	0.999	0.07	0.0	2	./checkpoint/moco_v3.pth	vit-b16	1	10	10	-1	10	False	100	15	8	2	3	0	False	pytorch	nccl	None	5	0	6	[]	0	1	-1	1	False	False	False	False	100	9	checkpoint/cifar100_baseline_10way10shot_finetune_base_inc_frozen	[224, 224]
31.3	19.5	20.81	[50.6, 50.03, 37.7, 37.07, 33.6, 33.57, 31.87, 31.87, 31.3]	[nan, 22.4, 28.4, 27.27, 22.13, 20.56, 20.31, 20.06, 19.5]	[50.6, 36.22, 31.5, 29.71, 24.42, 22.73, 21.96, 21.53, 20.81]	cifar100_baseline_10way10shot_finetune_base_inc_frozen	cifar100	./data	64	20	0.001	Cosine	[60, 70]	40	0.0005	0.9	1.0	128	65536	0.999	0.07	0.0	2	./checkpoint/moco_v3.pth	vit-b16	1	10	10	-1	10	False	100	15	8	2	3	0	False	pytorch	nccl	None	5	0	2	[]	0	1	-1	1	False	True	False	False	100	9	checkpoint/cifar100_baseline_10way10shot_finetune_base_inc_frozen	[224, 224]
30.83	19.05	20.35	[50.03, 49.4, 36.9, 36.33, 33.27, 33.23, 31.6, 31.6, 30.83]	[nan, 21.23, 28.13, 26.82, 21.78, 20.27, 19.86, 19.66, 19.05]	[50.03, 35.32, 31.06, 29.2, 24.07, 22.43, 21.54, 21.16, 20.35]	cifar100_baseline_10way10shot_finetune_base_inc_frozen	cifar100	./data	64	20	0.001	Cosine	[60, 70]	40	0.0005	0.9	1.0	128	65536	0.999	0.07	0.0	2	./checkpoint/moco_v3.pth	vit-b16	1	10	10	-1	10	False	100	15	8	2	3	0	False	pytorch	nccl	None	5	0	-1	[]	0	1	-1	1	False	True	False	False	100	9	checkpoint/cifar100_baseline_10way10shot_finetune_base_inc_frozen	[224, 224]
0.0	20.12	17.89	[0.1, 0.0, 0.0, 0.0, 0.0, 0.0, 0.0, 0.0, 0.0]	[nan, 49.33, 29.58, 28.15, 22.85, 21.28, 20.84, 20.51, 20.12]	[0.1, 24.67, 19.72, 21.11, 18.28, 17.73, 17.86, 17.95, 17.89]	cifar100_baseline_10way10shot_finetune_base_inc_frozen	cifar100	./data	64	10	0.001	Cosine	[60, 70]	40	0.0005	0.9	1.0	128	65536	0.999	0.07	0.0	2	./checkpoint/moco_v3.pth	vit-b16	1	10	10	-1	10	False	100	15	8	2	3	0	False	pytorch	nccl	None	5	0	10	[]	0	1	-1	1	False	False	False	False	100	9	checkpoint/cifar100_baseline_10way10shot_finetune_base_inc_frozen	[224, 224]
0.0	4.8	4.27	[12.53, 0.0, 0.0, 0.0, 0.0, 0.0, 0.0, 0.0, 0.0]	[nan, 20.23, 17.23, 12.74, 7.13, 6.05, 5.19, 4.88, 4.8]	[12.53, 10.12, 11.49, 9.56, 5.7, 5.04, 4.45, 4.27, 4.27]	cifar100_baseline_10way10shot_finetune_base_inc_frozen	cifar100	./data	64	15	0.01	Cosine	[60, 70]	40	0.0005	0.9	1.0	128	65536	0.999	0.07	0.0	2	./checkpoint/moco_v3.pth	vit-b16	1	10	10	-1	10	False	100	15	8	2	3	0	False	pytorch	nccl	None	5	0	2	[]	0	1	-1	1	False	False	False	False	100	9	checkpoint/cifar100_baseline_10way10shot_finetune_base_inc_frozen	[224, 224]
31.03	19.49	20.77	[50.9, 50.3, 37.47, 36.77, 33.37, 33.37, 31.67, 31.67, 31.03]	[nan, 22.77, 28.4, 27.39, 22.09, 20.57, 20.23, 20.05, 19.49]	[50.9, 36.53, 31.42, 29.73, 24.34, 22.7, 21.86, 21.5, 20.77]	cifar100_baseline_10way10shot_finetune_base_inc_frozen	cifar100	./data	64	20	0.001	Cosine	[60, 70]	40	0.0005	0.9	1.0	128	65536	0.999	0.07	0.0	2	./checkpoint/moco_v3.pth	vit-b16	1	10	10	-1	10	False	100	15	8	2	3	0	False	pytorch	nccl	None	5	0	6	[]	0	1	-1	1	False	True	False	False	100	9	checkpoint/cifar100_baseline_10way10shot_finetune_base_inc_frozen	[224, 224]
29.8	15.97	17.51	[45.5, 44.93, 35.7, 34.63, 32.03, 32.03, 30.87, 30.67, 29.8]	[nan, 16.33, 26.25, 23.94, 19.33, 17.57, 17.1, 16.64, 15.97]	[45.5, 30.63, 29.4, 26.61, 21.87, 19.98, 19.07, 18.39, 17.51]	cifar100_baseline_10way10shot_finetune_base_inc_frozen	cifar100	./data	64	10	0.01	Cosine	[60, 70]	40	0.0005	0.9	1.0	128	65536	0.999	0.07	0.0	2	./checkpoint/moco_v3.pth	vit-b16	1	10	10	-1	10	False	100	15	8	2	3	0	False	pytorch	nccl	None	5	0	-1	[]	0	1	-1	1	False	True	False	False	100	9	checkpoint/cifar100_baseline_10way10shot_finetune_base_inc_frozen	[224, 224]
28.63	16.55	17.89	[42.6, 42.33, 31.8, 31.6, 29.83, 29.83, 28.73, 28.7, 28.63]	[nan, 15.43, 24.58, 22.75, 19.45, 18.17, 17.74, 17.29, 16.55]	[42.6, 28.88, 26.99, 24.96, 21.53, 20.12, 19.32, 18.72, 17.89]	cifar100_baseline_10way10shot_finetune_base_inc_frozen	cifar100	./data	64	10	0.01	Cosine	[60, 70]	40	0.0005	0.9	1.0	128	65536	0.999	0.07	0.0	2	./checkpoint/moco_v3.pth	vit-b16	1	10	10	-1	10	False	100	15	8	2	3	0	False	pytorch	nccl	None	5	0	4	[]	0	1	-1	1	False	True	False	False	100	9	checkpoint/cifar100_baseline_10way10shot_finetune_base_inc_frozen	[224, 224]
26.3	15.45	16.65	[45.37, 44.6, 32.3, 32.07, 28.83, 28.8, 26.47, 26.47, 26.3]	[nan, 19.23, 25.1, 23.5, 18.46, 16.96, 16.41, 15.84, 15.45]	[45.37, 31.92, 27.5, 25.64, 20.53, 18.93, 17.84, 17.17, 16.65]	cifar100_baseline_10way10shot_finetune_base_inc_frozen	cifar100	./data	64	10	0.01	Cosine	[60, 70]	40	0.0005	0.9	1.0	128	65536	0.999	0.07	0.0	2	./checkpoint/moco_v3.pth	vit-b16	1	10	10	-1	10	False	100	15	8	2	3	0	False	pytorch	nccl	None	5	0	10	[]	0	1	-1	1	False	True	False	False	100	9	checkpoint/cifar100_baseline_10way10shot_finetune_base_inc_frozen	[224, 224]
22.67	9.48	10.94	[28.6, 28.5, 24.1, 24.0, 22.9, 22.9, 22.73, 22.7, 22.67]	[nan, 4.73, 16.58, 13.68, 12.65, 11.07, 10.52, 9.92, 9.48]	[28.6, 16.62, 19.09, 16.26, 14.7, 13.04, 12.27, 11.51, 10.94]	cifar100_baseline_10way10shot_finetune_base_inc_frozen	cifar100	./data	64	15	0.01	Cosine	[60, 70]	40	0.0005	0.9	1.0	128	65536	0.999	0.07	0.0	2	./checkpoint/moco_v3.pth	vit-b16	1	10	10	-1	10	False	100	15	8	2	3	0	False	pytorch	nccl	None	5	0	10	[]	0	1	-1	1	False	True	False	False	100	9	checkpoint/cifar100_baseline_10way10shot_finetune_base_inc_frozen	[224, 224]
0.0	6.33	5.63	[11.77, 0.0, 0.0, 0.0, 0.0, 0.0, 0.0, 0.0, 0.0]	[nan, 17.17, 10.83, 8.79, 8.12, 7.47, 6.85, 6.74, 6.33]	[11.77, 8.58, 7.22, 6.59, 6.49, 6.22, 5.87, 5.89, 5.63]	cifar100_baseline_10way10shot_finetune_base_inc_frozen	cifar100	./data	64	20	0.01	Cosine	[60, 70]	40	0.0005	0.9	1.0	128	65536	0.999	0.07	0.0	2	./checkpoint/moco_v3.pth	vit-b16	1	10	10	-1	10	False	100	15	8	2	3	0	False	pytorch	nccl	None	5	0	6	[]	0	1	-1	1	False	False	False	False	100	9	checkpoint/cifar100_baseline_10way10shot_finetune_base_inc_frozen	[224, 224]
31.5	19.65	20.97	[51.1, 50.5, 37.3, 36.7, 33.7, 33.7, 32.2, 32.2, 31.5]	[nan, 23.1, 28.55, 27.63, 22.43, 20.82, 20.47, 20.2, 19.65]	[51.1, 36.8, 31.47, 29.9, 24.68, 22.97, 22.14, 21.7, 20.97]	cifar100_baseline_10way10shot_finetune_base_inc_frozen	cifar100	./data	64	15	0.01	Cosine	[60, 70]	40	0.0005	0.9	1.0	128	65536	0.999	0.07	0.0	2	./checkpoint/moco_v3.pth	vit-b16	1	10	10	-1	10	False	100	15	8	2	3	0	False	pytorch	nccl	None	5	0	12	[]	0	1	-1	1	False	True	False	False	100	9	checkpoint/cifar100_baseline_10way10shot_finetune_base_inc_frozen	[224, 224]
0.0	12.81	11.38	[10.57, 0.0, 0.0, 0.0, 0.0, 0.0, 0.0, 0.0, 0.0]	[nan, 33.43, 22.18, 20.02, 16.28, 14.86, 13.5, 13.08, 12.81]	[10.57, 16.72, 14.79, 15.01, 13.02, 12.38, 11.57, 11.44, 11.38]	cifar100_baseline_10way10shot_finetune_base_inc_frozen	cifar100	./data	64	10	0.01	Cosine	[60, 70]	40	0.0005	0.9	1.0	128	65536	0.999	0.07	0.0	2	./checkpoint/moco_v3.pth	vit-b16	1	10	10	-1	10	False	100	15	8	2	3	0	False	pytorch	nccl	None	5	0	4	[]	0	1	-1	1	False	False	False	False	100	9	checkpoint/cifar100_baseline_10way10shot_finetune_base_inc_frozen	[224, 224]
0.0	20.41	18.14	[3.83, 0.0, 0.0, 0.0, 0.0, 0.0, 0.0, 0.0, 0.0]	[nan, 50.8, 29.93, 28.4, 23.09, 21.5, 21.19, 20.89, 20.41]	[3.83, 25.4, 19.95, 21.3, 18.47, 17.92, 18.15, 18.27, 18.14]	cifar100_baseline_10way10shot_finetune_base_inc_frozen	cifar100	./data	64	15	0.001	Cosine	[60, 70]	40	0.0005	0.9	1.0	128	65536	0.999	0.07	0.0	2	./checkpoint/moco_v3.pth	vit-b16	1	10	10	-1	10	False	100	15	8	2	3	0	False	pytorch	nccl	None	5	0	2	[]	0	1	-1	1	False	False	False	False	100	9	checkpoint/cifar100_baseline_10way10shot_finetune_base_inc_frozen	[224, 224]
30.87	18.82	20.15	[49.3, 48.7, 36.67, 36.1, 33.2, 33.2, 31.5, 31.5, 30.87]	[nan, 21.03, 27.7, 26.35, 21.4, 19.95, 19.52, 19.31, 18.82]	[49.3, 34.87, 30.69, 28.78, 23.76, 22.15, 21.23, 20.83, 20.15]	cifar100_baseline_10way10shot_finetune_base_inc_frozen	cifar100	./data	64	20	0.001	Cosine	[60, 70]	40	0.0005	0.9	1.0	128	65536	0.999	0.07	0.0	2	./checkpoint/moco_v3.pth	vit-b16	1	10	10	-1	10	False	100	15	8	2	3	0	False	pytorch	nccl	None	5	0	10	[]	0	1	-1	1	False	True	False	False	100	9	checkpoint/cifar100_baseline_10way10shot_finetune_base_inc_frozen	[224, 224]
10.33	3.24	4.03	[19.0, 12.83, 12.03, 12.03, 10.37, 10.37, 10.33, 10.33, 10.33]	[nan, 4.2, 9.93, 7.33, 4.77, 3.82, 3.91, 3.35, 3.24]	[19.0, 8.52, 10.63, 8.51, 5.89, 4.91, 4.82, 4.23, 4.03]	cifar100_baseline_10way10shot_finetune_base_inc_frozen	cifar100	./data	64	20	0.01	Cosine	[60, 70]	40	0.0005	0.9	1.0	128	65536	0.999	0.07	0.0	2	./checkpoint/moco_v3.pth	vit-b16	1	10	10	-1	10	False	100	15	8	2	3	0	False	pytorch	nccl	None	5	0	2	[]	0	1	-1	1	False	True	False	False	100	9	checkpoint/cifar100_baseline_10way10shot_finetune_base_inc_frozen	[224, 224]
0.0	20.23	17.98	[1.4, 0.0, 0.0, 0.0, 0.0, 0.0, 0.0, 0.0, 0.0]	[nan, 49.6, 29.75, 28.3, 22.98, 21.4, 20.93, 20.61, 20.23]	[1.4, 24.8, 19.83, 21.22, 18.38, 17.83, 17.94, 18.04, 17.98]	cifar100_baseline_10way10shot_finetune_base_inc_frozen	cifar100	./data	64	10	0.001	Cosine	[60, 70]	40	0.0005	0.9	1.0	128	65536	0.999	0.07	0.0	2	./checkpoint/moco_v3.pth	vit-b16	1	10	10	-1	10	False	100	15	8	2	3	0	False	pytorch	nccl	None	5	0	12	[]	0	1	-1	1	False	False	False	False	100	9	checkpoint/cifar100_baseline_10way10shot_finetune_base_inc_frozen	[224, 224]
31.5	19.65	20.97	[51.1, 50.5, 37.3, 36.7, 33.7, 33.7, 32.2, 32.2, 31.5]	[nan, 23.1, 28.55, 27.63, 22.43, 20.82, 20.47, 20.2, 19.65]	[51.1, 36.8, 31.47, 29.9, 24.68, 22.97, 22.14, 21.7, 20.97]	cifar100_baseline_10way10shot_finetune_base_inc_frozen	cifar100	./data	64	10	0.001	Cosine	[60, 70]	40	0.0005	0.9	1.0	128	65536	0.999	0.07	0.0	2	./checkpoint/moco_v3.pth	vit-b16	1	10	10	-1	10	False	100	15	8	2	3	0	False	pytorch	nccl	None	5	0	12	[]	0	1	-1	1	False	True	False	False	100	9	checkpoint/cifar100_baseline_10way10shot_finetune_base_inc_frozen	[224, 224]
0.0	14.36	12.77	[11.2, 0.0, 0.0, 0.0, 0.0, 0.0, 0.0, 0.0, 0.0]	[nan, 36.33, 25.05, 22.68, 17.53, 16.03, 15.16, 14.72, 14.36]	[11.2, 18.17, 16.7, 17.01, 14.03, 13.36, 12.99, 12.88, 12.77]	cifar100_baseline_10way10shot_finetune_base_inc_frozen	cifar100	./data	64	10	0.01	Cosine	[60, 70]	40	0.0005	0.9	1.0	128	65536	0.999	0.07	0.0	2	./checkpoint/moco_v3.pth	vit-b16	1	10	10	-1	10	False	100	15	8	2	3	0	False	pytorch	nccl	None	5	0	8	[]	0	1	-1	1	False	False	False	False	100	9	checkpoint/cifar100_baseline_10way10shot_finetune_base_inc_frozen	[224, 224]
31.5	19.65	20.97	[51.1, 50.5, 37.3, 36.7, 33.7, 33.7, 32.2, 32.2, 31.5]	[nan, 23.1, 28.55, 27.63, 22.43, 20.82, 20.47, 20.2, 19.65]	[51.1, 36.8, 31.47, 29.9, 24.68, 22.97, 22.14, 21.7, 20.97]	cifar100_baseline_10way10shot_finetune_base_inc_frozen	cifar100	./data	64	15	0.001	Cosine	[60, 70]	40	0.0005	0.9	1.0	128	65536	0.999	0.07	0.0	2	./checkpoint/moco_v3.pth	vit-b16	1	10	10	-1	10	False	100	15	8	2	3	0	False	pytorch	nccl	None	5	0	12	[]	0	1	-1	1	False	True	False	False	100	9	checkpoint/cifar100_baseline_10way10shot_finetune_base_inc_frozen	[224, 224]
31.47	19.71	21.02	[51.2, 50.57, 37.13, 36.47, 33.53, 33.53, 32.07, 32.07, 31.47]	[nan, 23.27, 28.48, 27.5, 22.4, 20.85, 20.55, 20.27, 19.71]	[51.2, 36.92, 31.37, 29.74, 24.63, 22.97, 22.2, 21.75, 21.02]	cifar100_baseline_10way10shot_finetune_base_inc_frozen	cifar100	./data	64	10	0.001	Cosine	[60, 70]	40	0.0005	0.9	1.0	128	65536	0.999	0.07	0.0	2	./checkpoint/moco_v3.pth	vit-b16	1	10	10	-1	10	False	100	15	8	2	3	0	False	pytorch	nccl	None	5	0	2	[]	0	1	-1	1	False	True	False	False	100	9	checkpoint/cifar100_baseline_10way10shot_finetune_base_inc_frozen	[224, 224]
0.0	15.36	13.65	[11.37, 0.0, 0.0, 0.0, 0.0, 0.0, 0.0, 0.0, 0.0]	[nan, 39.93, 23.55, 20.97, 18.39, 16.66, 16.2, 15.62, 15.36]	[11.37, 19.97, 15.7, 15.72, 14.71, 13.88, 13.89, 13.67, 13.65]	cifar100_baseline_10way10shot_finetune_base_inc_frozen	cifar100	./data	64	10	0.01	Cosine	[60, 70]	40	0.0005	0.9	1.0	128	65536	0.999	0.07	0.0	2	./checkpoint/moco_v3.pth	vit-b16	1	10	10	-1	10	False	100	15	8	2	3	0	False	pytorch	nccl	None	5	0	11	[]	0	1	-1	1	False	False	False	False	100	9	checkpoint/cifar100_baseline_10way10shot_finetune_base_inc_frozen	[224, 224]
0.0	19.77	17.57	[5.87, 0.0, 0.0, 0.0, 0.0, 0.0, 0.0, 0.0, 0.0]	[nan, 49.03, 29.47, 27.89, 22.49, 21.01, 20.5, 20.16, 19.77]	[5.87, 24.52, 19.65, 20.92, 17.99, 17.51, 17.57, 17.64, 17.57]	cifar100_baseline_10way10shot_finetune_base_inc_frozen	cifar100	./data	64	20	0.001	Cosine	[60, 70]	40	0.0005	0.9	1.0	128	65536	0.999	0.07	0.0	2	./checkpoint/moco_v3.pth	vit-b16	1	10	10	-1	10	False	100	15	8	2	3	0	False	pytorch	nccl	None	5	0	11	[]	0	1	-1	1	False	False	False	False	100	9	checkpoint/cifar100_baseline_10way10shot_finetune_base_inc_frozen	[224, 224]
31.5	19.65	20.97	[51.1, 50.5, 37.3, 36.7, 33.7, 33.7, 32.2, 32.2, 31.5]	[nan, 23.1, 28.55, 27.63, 22.43, 20.82, 20.47, 20.2, 19.65]	[51.1, 36.8, 31.47, 29.9, 24.68, 22.97, 22.14, 21.7, 20.97]	cifar100_baseline_10way10shot_finetune_base_inc_frozen	cifar100	./data	64	20	0.001	Cosine	[60, 70]	40	0.0005	0.9	1.0	128	65536	0.999	0.07	0.0	2	./checkpoint/moco_v3.pth	vit-b16	1	10	10	-1	10	False	100	15	8	2	3	0	False	pytorch	nccl	None	5	0	12	[]	0	1	-1	1	False	True	False	False	100	9	checkpoint/cifar100_baseline_10way10shot_finetune_base_inc_frozen	[224, 224]
31.77	19.57	20.92	[51.2, 50.7, 37.97, 37.37, 34.3, 34.3, 32.47, 32.47, 31.77]	[nan, 22.9, 28.58, 27.5, 22.22, 20.65, 20.32, 20.13, 19.57]	[51.2, 36.8, 31.71, 29.96, 24.63, 22.93, 22.05, 21.67, 20.92]	cifar100_baseline_10way10shot_finetune_base_inc_frozen	cifar100	./data	64	10	0.001	Cosine	[60, 70]	40	0.0005	0.9	1.0	128	65536	0.999	0.07	0.0	2	./checkpoint/moco_v3.pth	vit-b16	1	10	10	-1	10	False	100	15	8	2	3	0	False	pytorch	nccl	None	5	0	-1	[]	0	1	-1	1	False	True	False	False	100	9	checkpoint/cifar100_baseline_10way10shot_finetune_base_inc_frozen	[224, 224]
0.0	20.0	17.77	[6.33, 0.0, 0.0, 0.0, 0.0, 0.0, 0.0, 0.0, 0.0]	[nan, 49.37, 29.52, 28.03, 22.8, 21.18, 20.66, 20.4, 20.0]	[6.33, 24.68, 19.68, 21.02, 18.24, 17.65, 17.71, 17.85, 17.77]	cifar100_baseline_10way10shot_finetune_base_inc_frozen	cifar100	./data	64	20	0.001	Cosine	[60, 70]	40	0.0005	0.9	1.0	128	65536	0.999	0.07	0.0	2	./checkpoint/moco_v3.pth	vit-b16	1	10	10	-1	10	False	100	15	8	2	3	0	False	pytorch	nccl	None	5	0	10	[]	0	1	-1	1	False	False	False	False	100	9	checkpoint/cifar100_baseline_10way10shot_finetune_base_inc_frozen	[224, 224]
27.17	14.91	16.28	[38.73, 38.4, 29.43, 29.17, 27.7, 27.7, 27.43, 27.43, 27.17]	[nan, 14.13, 22.7, 20.94, 17.63, 15.87, 15.43, 15.23, 14.91]	[38.73, 26.27, 24.94, 22.99, 19.64, 17.85, 17.15, 16.75, 16.28]	cifar100_baseline_10way10shot_finetune_base_inc_frozen	cifar100	./data	64	10	0.01	Cosine	[60, 70]	40	0.0005	0.9	1.0	128	65536	0.999	0.07	0.0	2	./checkpoint/moco_v3.pth	vit-b16	1	10	10	-1	10	False	100	15	8	2	3	0	False	pytorch	nccl	None	5	0	2	[]	0	1	-1	1	False	True	False	False	100	9	checkpoint/cifar100_baseline_10way10shot_finetune_base_inc_frozen	[224, 224]
0.0	20.08	17.85	[10.1, 0.0, 0.0, 0.0, 0.0, 0.0, 0.0, 0.0, 0.0]	[nan, 49.97, 29.38, 27.91, 22.72, 21.18, 20.83, 20.53, 20.08]	[10.1, 24.98, 19.59, 20.93, 18.17, 17.65, 17.85, 17.96, 17.85]	cifar100_baseline_10way10shot_finetune_base_inc_frozen	cifar100	./data	64	20	0.001	Cosine	[60, 70]	40	0.0005	0.9	1.0	128	65536	0.999	0.07	0.0	2	./checkpoint/moco_v3.pth	vit-b16	1	10	10	-1	10	False	100	15	8	2	3	0	False	pytorch	nccl	None	5	0	8	[]	0	1	-1	1	False	False	False	False	100	9	checkpoint/cifar100_baseline_10way10shot_finetune_base_inc_frozen	[224, 224]
56.2	6.88	12.36	[56.3, 56.3, 56.3, 56.3, 56.2, 56.2, 56.2, 56.2, 56.2]	[nan, 0.9, 8.5, 8.23, 8.58, 8.58, 7.92, 7.49, 6.88]	[56.3, 28.6, 24.43, 20.25, 18.1, 16.52, 14.81, 13.57, 12.36]	cifar100_baseline	cifar100	./data	64	10	0.1	Cosine	[60, 70]	40	0.0005	0.9	1.0	128	65536	0.999	0.07	1.0	2	./checkpoint/moco_v3.pth	vit-b16	1	10	10	-1	10	False	100	15	8	0	1	0	False	pytorch	nccl	LoRA	5	0	15	[0, 1, 2]	0	1	-1	1	False	False	True	False	100	9	checkpoint/cifar100_baseline	[224, 224]	{}
0.0	18.46	16.4	[14.63, 0.0, 0.0, 0.0, 0.0, 0.0, 0.0, 0.0, 0.0]	[nan, 44.4, 28.4, 26.5, 21.99, 20.32, 19.21, 18.78, 18.46]	[14.63, 22.2, 18.93, 19.87, 17.59, 16.93, 16.46, 16.43, 16.4]	cifar100_baseline_10way10shot_finetune_base_inc_frozen	cifar100	./data	64	15	0.01	Cosine	[60, 70]	40	0.0005	0.9	1.0	128	65536	0.999	0.07	0.0	2	./checkpoint/moco_v3.pth	vit-b16	1	10	10	-1	10	False	100	15	8	2	3	0	False	pytorch	nccl	None	5	0	4	[]	0	1	-1	1	False	False	False	False	100	9	checkpoint/cifar100_baseline_10way10shot_finetune_base_inc_frozen	[224, 224]
69.7	1.25	8.86	[69.7, 69.7, 69.7, 69.7, 69.7, 69.7, 69.7, 69.7, 69.7]	[nan, 0.0, 1.35, 1.47, 1.7, 2.0, 1.67, 1.43, 1.25]	[69.7, 34.85, 24.13, 18.52, 15.3, 13.28, 11.39, 9.96, 8.86]	cifar100_baseline	cifar100	./data	64	10	0.1	Cosine	[60, 70]	40	0.0005	0.9	1.0	128	65536	0.999	0.07	1.0	2	./checkpoint/moco_v3.pth	vit-b16	1	10	10	-1	10	False	100	15	8	0	1	0	False	pytorch	nccl	LoRA	5	0	15	[0, 1, 2, 3, 4]	0	1	-1	1	False	False	True	False	100	9	checkpoint/cifar100_baseline	[224, 224]	{}
77.7	70.24	71.07	[94.3, 91.4, 85.7, 83.6, 81.7, 80.5, 80.0, 78.7, 77.7]	[nan, 82.6, 79.2, 78.17, 75.23, 73.14, 72.03, 70.14, 70.24]	[94.3, 87.0, 81.37, 79.52, 76.52, 74.37, 73.17, 71.21, 71.07]	cifar100_baseline	cifar100	./data	64	10	0.01	Cosine	[60, 70]	40	0.0005	0.9	1.0	128	65536	0.999	0.07	2.0	2	https://storage.googleapis.com/vit_models/imagenet21k/ViT-B_16.npz	vit-b16	1	10	10	-1	10	False	100	15	8	0	1	0	False	pytorch	nccl	LoRA	5	0	15	[0]	0	1	-1	1	False	False	True	False	100	9	checkpoint/cifar100_baseline	[224, 224]	{}
77.4	70.29	71.08	[94.1, 91.2, 85.4, 83.3, 81.4, 80.1, 79.6, 78.4, 77.4]	[nan, 82.9, 79.25, 78.23, 75.28, 73.2, 72.1, 70.2, 70.29]	[94.1, 87.05, 81.3, 79.5, 76.5, 74.35, 73.17, 71.22, 71.08]	cifar100_baseline	cifar100	./data	64	0	0.01	Cosine	[60, 70]	40	0.0005	0.9	1.0	128	65536	0.999	0.07	0.0	2	https://storage.googleapis.com/vit_models/imagenet21k/ViT-B_16.npz	vit-b16	1	10	10	-1	10	False	100	15	8	0	1	0	False	pytorch	nccl	None	5	0	15	[]	0	1	-1	1	False	True	True	False	100	9	checkpoint/cifar100_baseline	[224, 224]
78.1	70.21	71.09	[94.4, 91.6, 86.2, 84.4, 82.2, 81.1, 80.6, 79.1, 78.1]	[nan, 82.5, 78.9, 78.0, 75.13, 73.08, 71.98, 70.11, 70.21]	[94.4, 87.05, 81.33, 79.6, 76.54, 74.42, 73.21, 71.24, 71.09]	cifar100_baseline	cifar100	./data	64	10	0.1	Cosine	[60, 70]	40	0.0005	0.9	1.0	128	65536	0.999	0.07	2.0	2	https://storage.googleapis.com/vit_models/imagenet21k/ViT-B_16.npz	vit-b16	1	10	10	-1	10	False	100	15	8	0	1	0	False	pytorch	nccl	LoRA	5	0	15	[0]	0	1	-1	1	False	False	True	False	100	9	checkpoint/cifar100_baseline	[224, 224]	{}
77.3	70.34	71.11	[94.1, 91.1, 85.3, 83.1, 81.2, 79.9, 79.4, 78.3, 77.3]	[nan, 82.9, 79.25, 78.27, 75.33, 73.26, 72.15, 70.26, 70.34]	[94.1, 87.0, 81.27, 79.47, 76.5, 74.37, 73.19, 71.26, 71.11]	cifar100_baseline	cifar100	./data	64	5	0.001	Cosine	[60, 70]	40	0.0005	0.9	1.0	128	65536	0.999	0.07	0.0	2	https://storage.googleapis.com/vit_models/imagenet21k/ViT-B_16.npz	vit-b16	1	10	10	-1	10	False	100	15	8	0	1	0	False	pytorch	nccl	None	5	0	11	[]	0	1	-1	1	False	False	True	False	100	9	checkpoint/cifar100_baseline	[224, 224]
79.5	76.46	76.8	[96.0, 93.1, 86.7, 85.7, 82.8, 81.7, 81.3, 79.9, 79.5]	[nan, 86.2, 84.05, 82.8, 80.33, 78.7, 77.85, 76.27, 76.46]	[96.0, 89.65, 84.93, 83.52, 80.82, 79.2, 78.34, 76.72, 76.8]	cifar100_baseline	cifar100	./data	64	5	0.001	Cosine	[60, 70]	40	0.0005	0.9	1.0	128	65536	0.999	0.07	0.0	2	https://storage.googleapis.com/vit_models/imagenet21k/ViT-B_16.npz	vit-b16	1	10	10	-1	10	False	100	15	8	0	1	0	False	pytorch	nccl	None	5	0	-1	[]	0	1	-1	1	False	False	True	False	100	9	checkpoint/cifar100_baseline	[224, 224]
79.8	76.15	76.56	[95.6, 93.0, 86.7, 85.8, 83.2, 82.3, 81.9, 80.4, 79.8]	[nan, 85.4, 83.65, 82.87, 80.3, 78.54, 77.73, 76.07, 76.15]	[95.6, 89.2, 84.67, 83.6, 80.88, 79.17, 78.33, 76.61, 76.56]	cifar100_baseline	cifar100	./data	64	5	0.001	Cosine	[60, 70]	40	0.0005	0.9	1.0	128	65536	0.999	0.07	0.0	2	https://storage.googleapis.com/vit_models/imagenet21k/ViT-B_16.npz	vit-b16	1	10	10	-1	10	False	100	15	8	0	1	0	False	pytorch	nccl	LoRA	5	0	-1	[0, 1, 2]	0	1	-1	1	False	False	True	False	100	9	checkpoint/cifar100_baseline	[224, 224]	{}
79.5	77.2	77.46	[96.1, 93.1, 86.6, 85.5, 82.7, 81.6, 81.3, 79.9, 79.5]	[nan, 86.8, 84.8, 83.47, 80.95, 79.38, 78.67, 77.1, 77.2]	[96.1, 89.95, 85.4, 83.97, 81.3, 79.75, 79.04, 77.45, 77.46]	cifar100_baseline	cifar100	./data	64	5	0.001	Cosine	[60, 70]	40	0.0005	0.9	1.0	128	65536	0.999	0.07	0.0	2	https://storage.googleapis.com/vit_models/imagenet21k/ViT-B_16.npz	vit-b16	1	10	10	-1	10	False	100	15	8	0	1	0	False	pytorch	nccl	LoRA	5	0	-1	[0]	0	1	-1	1	False	False	True	False	100	9	checkpoint/cifar100_baseline	[224, 224]	{}
78.6	74.83	75.24	[95.4, 92.3, 86.1, 84.7, 81.9, 80.9, 80.8, 79.4, 78.6]	[nan, 87.0, 83.9, 82.1, 79.28, 77.32, 76.37, 74.51, 74.83]	[95.4, 89.65, 84.63, 82.75, 79.8, 77.92, 77.0, 75.12, 75.24]	cifar100_baseline	cifar100	./data	64	5	0.001	Cosine	[60, 70]	40	0.0005	0.9	1.0	128	65536	0.999	0.07	1.0	2	https://storage.googleapis.com/vit_models/imagenet21k/ViT-B_16.npz	vit-b16	1	10	10	-1	10	False	100	15	8	0	1	0	False	pytorch	nccl	LoRA	5	0	-1	[0]	0	1	-1	1	False	False	True	False	100	9	checkpoint/cifar100_baseline	[224, 224]	{}
78.6	79.14	79.08	[96.8, 94.2, 86.6, 85.2, 82.4, 80.8, 80.5, 79.2, 78.6]	[nan, 89.2, 86.25, 84.3, 82.48, 81.08, 80.12, 78.89, 79.14]	[96.8, 91.7, 86.37, 84.52, 82.46, 81.03, 80.17, 78.92, 79.08]	cifar100_baseline	cifar100	./data	64	10	0.001	Cosine	[60, 70]	40	0.0005	0.9	1.0	128	65536	0.999	0.07	1.0	2	https://storage.googleapis.com/vit_models/imagenet21k/ViT-B_16.npz	vit-b16	1	10	10	-1	10	False	100	15	8	0	1	0	False	pytorch	nccl	LoRA	5	0	-1	[0]	0	1	-1	1	False	False	True	False	100	9	checkpoint/cifar100_baseline	[224, 224]	{}
79.8	78.14	78.32	[96.6, 93.8, 87.9, 86.6, 83.7, 82.3, 82.0, 80.3, 79.8]	[nan, 88.3, 85.2, 83.87, 81.58, 79.96, 79.32, 77.84, 78.14]	[96.6, 91.05, 86.1, 84.55, 82.0, 80.35, 79.7, 78.15, 78.32]	cifar100_baseline	cifar100	./data	64	10	0.001	Cosine	[60, 70]	40	0.0005	0.9	1.0	128	65536	0.999	0.07	1.0	2	https://storage.googleapis.com/vit_models/imagenet21k/ViT-B_16.npz	vit-b16	1	10	10	-1	10	False	100	15	8	0	1	0	False	pytorch	nccl	LoRA	5	0	-1	[0]	1	1	-1	1	False	False	True	False	100	9	checkpoint/cifar100_baseline	[224, 224]	{}
78.4	79.45	79.33	[96.8, 93.2, 86.0, 84.4, 81.3, 80.1, 79.8, 78.8, 78.4]	[nan, 89.2, 86.4, 84.7, 82.25, 81.1, 80.35, 79.09, 79.45]	[96.8, 91.2, 86.27, 84.62, 82.06, 80.93, 80.27, 79.05, 79.33]	cifar100_baseline	cifar100	./data	64	10	0.001	Cosine	[60, 70]	40	0.0005	0.9	1.0	128	65536	0.999	0.07	1.0	2	https://storage.googleapis.com/vit_models/imagenet21k/ViT-B_16.npz	vit-b16	1	10	10	-1	10	False	100	15	8	0	1	0	False	pytorch	nccl	LoRA	5	0	-1	[0]	0	1	-1	1	False	False	True	False	100	9	checkpoint/cifar100_baseline	[224, 224]	{}
78.8	77.04	77.23	[95.9, 93.2, 87.0, 85.5, 82.8, 81.8, 81.5, 79.6, 78.8]	[nan, 87.8, 84.8, 83.17, 80.73, 79.28, 78.45, 76.89, 77.04]	[95.9, 90.5, 85.53, 83.75, 81.14, 79.7, 78.89, 77.22, 77.23]	cifar100_baseline	cifar100	./data	64	10	0.001	Cosine	[60, 70]	40	0.0005	0.9	1.0	128	65536	0.999	0.07	1.0	2	https://storage.googleapis.com/vit_models/imagenet21k/ViT-B_16.npz	vit-b16	1	10	10	-1	10	False	100	15	8	0	1	0	False	pytorch	nccl	LoRA	5	0	-1	[0]	0	0.5	-1	1	False	False	True	False	100	9	checkpoint/cifar100_baseline	[224, 224]	{}
78.8	79.16	79.12	[97.1, 94.1, 86.9, 85.4, 82.6, 81.5, 81.0, 79.4, 78.8]	[nan, 89.3, 86.55, 84.53, 82.2, 80.86, 80.2, 78.9, 79.16]	[97.1, 91.7, 86.67, 84.75, 82.28, 80.97, 80.31, 78.96, 79.12]	cifar100_baseline	cifar100	./data	64	10	0.001	Cosine	[60, 70]	40	0.0005	0.9	1.0	128	65536	0.999	0.07	1.0	2	https://storage.googleapis.com/vit_models/imagenet21k/ViT-B_16.npz	vit-b16	1	10	10	-1	10	False	100	15	8	0	1	0	False	pytorch	nccl	LoRA	5	0	-1	[0]	0	1	-1	1	False	False	True	False	100	9	checkpoint/cifar100_baseline	[224, 224]	{}
78.9	80.15	80.01	[97.4, 94.0, 87.4, 86.2, 82.0, 80.8, 80.4, 79.2, 78.9]	[nan, 90.4, 87.5, 86.0, 83.33, 82.38, 81.22, 79.97, 80.15]	[97.4, 92.2, 87.47, 86.05, 83.06, 82.12, 81.1, 79.87, 80.01]	cifar100_baseline	cifar100	./data	64	10	0.001	Cosine	[60, 70]	40	0.0005	0.9	1.0	128	65536	0.999	0.07	1.0	2	https://storage.googleapis.com/vit_models/imagenet21k/ViT-B_16.npz	vit-b16	1	10	10	-1	10	False	100	15	8	0	1	0	False	pytorch	nccl	LoRA	5	0	-1	[0]	0	2.0	-1	1	False	False	True	False	100	9	checkpoint/cifar100_baseline	[224, 224]	{}
79.3	80.2	80.1	[97.3, 94.2, 87.9, 86.7, 83.7, 82.0, 81.6, 79.6, 79.3]	[nan, 90.0, 86.9, 85.17, 82.88, 81.84, 81.07, 79.89, 80.2]	[97.3, 92.1, 87.23, 85.55, 83.04, 81.87, 81.14, 79.85, 80.1]	cifar100_baseline	cifar100	./data	64	10	0.002	Cosine	[60, 70]	40	0.0005	0.9	1.0	128	65536	0.999	0.07	1.0	2	https://storage.googleapis.com/vit_models/imagenet21k/ViT-B_16.npz	vit-b16	1	10	10	-1	10	False	100	15	8	0	1	0	False	pytorch	nccl	LoRA	5	0	-1	[0]	0	1	-1	1	False	False	True	False	100	9	checkpoint/cifar100_baseline	[224, 224]	{}
68.5	79.29	78.09	[96.8, 89.6, 81.1, 79.2, 73.2, 70.9, 70.0, 69.0, 68.5]	[nan, 92.2, 88.15, 85.47, 82.93, 81.2, 80.17, 78.79, 79.29]	[96.8, 90.9, 85.8, 83.9, 80.98, 79.48, 78.71, 77.56, 78.09]	cifar100_baseline	cifar100	./data	64	10	0.003	Cosine	[60, 70]	40	0.0005	0.9	1.0	128	65536	0.999	0.07	1.0	2	https://storage.googleapis.com/vit_models/imagenet21k/ViT-B_16.npz	vit-b16	1	10	10	-1	10	False	100	15	8	0	1	0	False	pytorch	nccl	LoRA	5	0	-1	[0]	0	1	-1	1	False	False	True	False	100	9	checkpoint/cifar100_baseline	[224, 224]	{}
78.1	80.55	80.28	[97.3, 94.0, 87.3, 85.9, 83.1, 81.1, 80.8, 78.9, 78.1]	[nan, 91.0, 88.0, 86.23, 83.98, 82.48, 81.73, 80.51, 80.55]	[97.3, 92.5, 87.77, 86.15, 83.8, 82.25, 81.6, 80.31, 80.28]	cifar100_baseline	cifar100	./data	64	10	0.001	Cosine	[60, 70]	40	0.0005	0.9	1.0	128	65536	0.999	0.07	1.0	2	https://storage.googleapis.com/vit_models/imagenet21k/ViT-B_16.npz	vit-b16	1	10	10	-1	10	False	100	15	8	0	1	0	False	pytorch	nccl	LoRA	5	0	-1	[0]	0	2.0	-1	1	False	False	True	False	100	9	checkpoint/cifar100_baseline	[224, 224]	{}
73.0	78.89	78.23	[96.5, 90.6, 82.7, 81.0, 76.4, 74.8, 74.5, 73.4, 73.0]	[nan, 91.0, 87.45, 84.87, 82.15, 80.64, 79.9, 78.59, 78.89]	[96.5, 90.8, 85.87, 83.9, 81.0, 79.67, 79.13, 77.94, 78.23]	cifar100_baseline	cifar100	./data	64	10	0.002	Cosine	[60, 70]	40	0.0005	0.9	1.0	128	65536	0.999	0.07	1.0	2	https://storage.googleapis.com/vit_models/imagenet21k/ViT-B_16.npz	vit-b16	1	10	10	-1	10	False	100	15	8	0	1	0	False	pytorch	nccl	LoRA	5	0	-1	[0, 1]	0	1	-1	1	False	False	True	False	100	9	checkpoint/cifar100_baseline	[224, 224]	{}
74.3	79.84	79.22	[97.1, 90.7, 82.9, 81.3, 77.2, 76.1, 75.7, 74.7, 74.3]	[nan, 91.7, 88.1, 85.57, 83.23, 81.62, 80.82, 79.39, 79.84]	[97.1, 91.2, 86.37, 84.5, 82.02, 80.7, 80.09, 78.8, 79.22]	cifar100_baseline	cifar100	./data	64	15	0.001	Cosine	[60, 70]	40	0.0005	0.9	1.0	128	65536	0.999	0.07	1.0	2	https://storage.googleapis.com/vit_models/imagenet21k/ViT-B_16.npz	vit-b16	1	10	10	-1	10	False	100	15	8	0	1	0	False	pytorch	nccl	LoRA	5	0	-1	[0]	0	2.0	-1	1	False	False	True	False	100	9	checkpoint/cifar100_baseline	[224, 224]	{}
75.7	80.09	79.6	[97.2, 91.6, 84.1, 82.2, 78.8, 77.8, 77.2, 76.2, 75.7]	[nan, 90.5, 88.1, 86.27, 83.65, 81.94, 81.08, 79.73, 80.09]	[97.2, 91.05, 86.77, 85.25, 82.68, 81.25, 80.53, 79.29, 79.6]	cifar100_baseline	cifar100	./data	64	10	0.002	Cosine	[60, 70]	40	0.0005	0.9	1.0	128	65536	0.999	0.07	1.0	2	https://storage.googleapis.com/vit_models/imagenet21k/ViT-B_16.npz	vit-b16	1	10	10	-1	10	False	100	15	8	0	1	0	False	pytorch	nccl	LoRA	5	0	-1	[0]	0	1	-1	1	False	False	True	False	100	9	checkpoint/cifar100_baseline	[224, 224]	{}
76.8	78.6	78.4	[96.4, 92.3, 85.0, 83.6, 80.4, 79.2, 78.8, 77.2, 76.8]	[nan, 90.1, 86.4, 84.47, 82.25, 80.66, 79.68, 78.43, 78.6]	[96.4, 91.2, 85.93, 84.25, 81.88, 80.42, 79.56, 78.27, 78.4]	cifar100_baseline	cifar100	./data	64	8	0.001	Cosine	[60, 70]	40	0.0005	0.9	1.0	128	65536	0.999	0.07	1.0	2	https://storage.googleapis.com/vit_models/imagenet21k/ViT-B_16.npz	vit-b16	1	10	10	-1	10	False	100	15	8	0	1	0	False	pytorch	nccl	LoRA	5	0	-1	[0]	0	2.0	-1	1	False	False	True	False	100	9	checkpoint/cifar100_baseline	[224, 224]	{}
76.03	78.59	78.3	[96.77, 92.83, 84.87, 82.87, 79.63, 78.1, 77.73, 76.57, 76.03]	[nan, 90.37, 86.5, 84.22, 82.05, 80.6, 79.63, 78.25, 78.59]	[96.77, 91.6, 85.95, 83.88, 81.57, 80.18, 79.36, 78.04, 78.3]	cifar100_baseline	cifar100	./data	64	10	0.001	Cosine	[60, 70]	40	0.0005	0.9	1.0	128	65536	0.999	0.07	1.0	2	https://storage.googleapis.com/vit_models/imagenet21k/ViT-B_16.npz	vit-b16	1	10	10	-1	10	False	100	15	8	2	3	0	False	pytorch	nccl	LoRA	5	0	-1	[0]	0	2.0	-1	1	False	False	True	False	100	9	checkpoint/cifar100_baseline	[224, 224]	{}
72.9	79.63	78.88	[97.1, 91.0, 83.1, 81.2, 77.37, 75.37, 74.83, 73.37, 72.9]	[nan, 91.4, 87.78, 85.28, 83.06, 81.4, 80.64, 79.29, 79.63]	[97.1, 91.2, 86.22, 84.26, 81.92, 80.39, 79.81, 78.54, 78.88]	cifar100_baseline	cifar100	./data	64	10	0.002	Cosine	[60, 70]	40	0.0005	0.9	1.0	128	65536	0.999	0.07	1.0	2	https://storage.googleapis.com/vit_models/imagenet21k/ViT-B_16.npz	vit-b16	1	10	10	-1	10	False	100	15	8	2	3	0	False	pytorch	nccl	LoRA	5	0	-1	[0]	0	1	-1	1	False	False	True	False	100	9	checkpoint/cifar100_baseline	[224, 224]	{}
75.4	80.84	80.23	[97.1, 91.7, 84.4, 82.6, 78.5, 77.4, 76.9, 75.7, 75.4]	[nan, 89.8, 88.0, 85.97, 83.68, 82.3, 81.75, 80.51, 80.84]	[97.1, 90.75, 86.8, 85.12, 82.64, 81.48, 81.06, 79.91, 80.23]	cifar100_baseline	cifar100	./data	64	10	0.002	Cosine	[60, 70]	40	0.0005	0.9	1.0	128	65536	0.999	0.07	0.0	2	https://storage.googleapis.com/vit_models/imagenet21k/ViT-B_16.npz	vit-b16	1	10	10	-1	10	False	100	15	8	0	1	0	False	pytorch	nccl	LoRA	5	0	-1	[]	0	1	-1	1	False	False	True	False	100	9	checkpoint/cifar100_baseline	[224, 224]	{}
76.1	70.68	71.28	[94.1, 90.7, 84.2, 82.3, 79.9, 78.9, 78.4, 77.1, 76.1]	[nan, 84.0, 80.0, 78.77, 75.8, 73.54, 72.47, 70.57, 70.68]	[94.1, 87.35, 81.4, 79.65, 76.62, 74.43, 73.31, 71.39, 71.28]	cifar100_baseline	cifar100	./data	64	10	0.002	Cosine	[60, 70]	40	0.0005	0.9	1.0	128	65536	0.999	0.07	0.0	2	https://storage.googleapis.com/vit_models/imagenet21k/ViT-B_16.npz	vit-b16	1	10	10	-1	10	False	100	15	8	0	1	0	False	pytorch	nccl	LoRA	5	0	11	[]	0	1	-1	1	False	False	True	False	100	9	checkpoint/cifar100_baseline	[224, 224]	{}
6.3	19.49	18.02	[50.9, 26.8, 7.6, 7.5, 7.2, 7.0, 6.7, 6.7, 6.3]	[nan, 46.6, 29.3, 27.8, 22.1, 20.5, 20.08, 19.84, 19.49]	[50.9, 36.7, 22.07, 22.72, 19.12, 18.25, 18.17, 18.2, 18.02]	cifar100_baseline	cifar100	./data	64	5	0.002	Cosine	[60, 70]	40	0.0005	0.9	1.0	128	65536	0.999	0.07	1.0	2	./checkpoint/moco_v3.pth	vit-b16	1	10	10	-1	10	False	100	15	8	0	1	0	False	pytorch	nccl	LoRA	5	0	11	[]	0	1.0	-1	1	False	False	True	False	100	9	checkpoint/cifar100_baseline	[224, 224]	{}
77.4	70.29	71.08	[94.1, 91.2, 85.4, 83.3, 81.4, 80.1, 79.6, 78.4, 77.4]	[nan, 82.9, 79.25, 78.23, 75.28, 73.2, 72.1, 70.2, 70.29]	[94.1, 87.05, 81.3, 79.5, 76.5, 74.35, 73.17, 71.22, 71.08]	cifar100_baseline	cifar100	./data	64	0	0.002	Cosine	[60, 70]	40	0.0005	0.9	1.0	128	65536	0.999	0.07	0.0	2	https://storage.googleapis.com/vit_models/imagenet21k/ViT-B_16.npz	vit-b16	1	10	10	-1	10	False	100	15	8	0	1	0	False	pytorch	nccl	LoRA	5	0	11	[]	0	1	-1	1	False	True	True	False	100	9	checkpoint/cifar100_baseline	[224, 224]	{}
8.6	72.01	64.97	[93.4, 42.6, 28.2, 22.5, 14.2, 11.1, 10.7, 10.2, 8.6]	[nan, 91.7, 84.6, 81.6, 77.95, 75.44, 74.22, 72.04, 72.01]	[93.4, 67.15, 65.8, 66.82, 65.2, 64.72, 65.14, 64.31, 64.97]	cifar100_baseline	cifar100	./data	64	10	0.1	Cosine	[60, 70]	40	0.0005	0.9	1.0	128	65536	0.999	0.07	0.0	2	https://storage.googleapis.com/vit_models/imagenet21k/ViT-B_16.npz	vit-b16	1	10	10	-1	10	False	100	15	8	0	1	0	False	pytorch	nccl	LoRA	5	0	12	[]	0	1	-1	1	False	False	False	False	100	9	checkpoint/cifar100_baseline	[224, 224]	{}
13.17	71.99	65.46	[92.9, 49.03, 33.53, 27.47, 18.43, 15.4, 15.03, 14.77, 13.17]	[nan, 91.7, 84.58, 81.58, 77.94, 75.43, 74.21, 72.04, 71.99]	[92.9, 70.37, 67.56, 68.05, 66.04, 65.43, 65.76, 64.88, 65.46]	cifar100_baseline	cifar100	./data	64	10	0.1	Cosine	[60, 70]	40	0.0005	0.9	1.0	128	65536	0.999	0.07	0.0	2	https://storage.googleapis.com/vit_models/imagenet21k/ViT-B_16.npz	vit-b16	1	10	10	-1	10	False	100	15	8	2	3	0	False	pytorch	nccl	None	5	0	12	[]	0	1	-1	1	False	False	False	False	100	9	checkpoint/cifar100_baseline	[224, 224]
77.4	70.29	71.08	[94.1, 91.2, 85.4, 83.3, 81.4, 80.1, 79.6, 78.4, 77.4]	[nan, 82.9, 79.25, 78.23, 75.28, 73.2, 72.1, 70.2, 70.29]	[94.1, 87.05, 81.3, 79.5, 76.5, 74.35, 73.17, 71.22, 71.08]	cifar100_baseline	cifar100	./data	64	0	0.1	Cosine	[60, 70]	40	0.0005	0.9	1.0	128	65536	0.999	0.07	0.0	2	https://storage.googleapis.com/vit_models/imagenet21k/ViT-B_16.npz	vit-b16	1	10	10	-1	10	False	100	15	8	2	3	0	False	pytorch	nccl	None	5	0	500	[]	0	1	-1	1	False	True	False	False	100	9	checkpoint/cifar100_baseline	[224, 224]
8.6	72.01	64.96	[93.33, 39.8, 25.43, 20.5, 12.97, 10.63, 10.37, 10.0, 8.6]	[nan, 91.7, 84.6, 81.6, 77.95, 75.44, 74.22, 72.04, 72.01]	[93.33, 65.75, 64.88, 66.32, 64.95, 64.64, 65.1, 64.28, 64.96]	cifar100_baseline	cifar100	./data	64	10	0.1	Cosine	[60, 70]	40	0.0005	0.9	1.0	128	65536	0.999	0.07	0.0	2	https://storage.googleapis.com/vit_models/imagenet21k/ViT-B_16.npz	vit-b16	1	10	10	-1	10	False	100	15	8	2	3	0	False	pytorch	nccl	None	5	0	12	[]	0	1	-1	1	False	False	False	False	100	9	checkpoint/cifar100_baseline	[224, 224]
59.4	56.55	56.87	[90.7, 81.5, 72.2, 68.7, 67.3, 61.6, 60.4, 59.8, 59.4]	[nan, 73.7, 72.85, 69.2, 66.05, 60.7, 58.78, 56.39, 56.55]	[90.7, 77.6, 72.63, 69.07, 66.3, 60.85, 59.01, 56.81, 56.87]	cifar100_baseline	cifar100	./data	64	0	0.1	Cosine	[60, 70]	40	0.0005	0.9	1.0	128	65536	0.999	0.07	0.0	2	https://dl.fbaipublicfiles.com/deit/deit_base_patch16_224-b5f2ef4d.pth	vit-b16	1	10	10	-1	10	False	100	15	8	2	3	0	False	pytorch	nccl	None	5	0	500	[]	0	1	-1	1	False	True	False	False	100	9	checkpoint/cifar100_baseline	[224, 224]
0.2	4.55	4.07	[16.5, 6.3, 4.1, 2.0, 0.6, 0.6, 0.5, 0.5, 0.2]	[nan, 11.8, 10.85, 9.07, 7.43, 6.14, 5.67, 4.8, 4.55]	[16.5, 9.05, 8.6, 7.3, 6.06, 5.22, 4.93, 4.26, 4.07]	cifar100_baseline	cifar100	./data	64	0	0.1	Cosine	[60, 70]	40	0.0005	0.9	1.0	128	65536	0.999	0.07	0.0	2	./checkpoint/clip_vit_b16.pth	vit-b16	1	10	10	-1	10	False	100	15	8	2	3	0	False	pytorch	nccl	None	5	0	500	[]	0	1	-1	1	False	True	False	False	100	9	checkpoint/cifar100_baseline	[224, 224]
2.5	3.45	3.34	[22.2, 12.4, 11.3, 10.7, 10.4, 3.0, 2.8, 2.5, 2.5]	[nan, 11.4, 8.45, 5.2, 4.0, 5.08, 4.3, 3.93, 3.45]	[22.2, 11.9, 9.4, 6.57, 5.28, 4.73, 4.09, 3.75, 3.34]	cifar100_baseline	cifar100	./data	64	0	0.1	Cosine	[60, 70]	40	0.0005	0.9	1.0	128	65536	0.999	0.07	0.0	2	https://dl.fbaipublicfiles.com/mae/pretrain/mae_pretrain_vit_base.pth	vit-b16	1	10	10	-1	10	False	100	15	8	2	3	0	False	pytorch	nccl	None	5	0	500	[]	0	1	-1	1	False	True	False	False	100	9	checkpoint/cifar100_baseline	[224, 224]
0.0	50.23	44.64	[91.77, 0.07, 0.0, 0.0, 0.0, 0.0, 0.0, 0.0, 0.0]	[nan, 68.6, 58.33, 54.42, 53.18, 53.21, 51.66, 49.92, 50.23]	[91.77, 34.33, 38.89, 40.81, 42.54, 44.34, 44.28, 43.68, 44.64]	cifar100_baseline	cifar100	./data	64	10	0.1	Cosine	[60, 70]	40	0.0005	0.9	1.0	128	65536	0.999	0.07	0.0	2	https://storage.googleapis.com/vit_models/imagenet21k/ViT-B_16.npz	vit-b16	1	10	10	-1	10	False	100	15	8	2	3	0	False	pytorch	nccl	None	5	0	11	[]	0	1	-1	1	False	False	False	False	100	9	checkpoint/cifar100_baseline	[224, 224]
10.73	72.01	65.2	[92.6, 44.57, 29.63, 24.03, 15.73, 13.1, 12.73, 12.43, 10.73]	[nan, 91.7, 84.6, 81.6, 77.95, 75.45, 74.23, 72.05, 72.01]	[92.6, 68.13, 66.28, 67.21, 65.51, 65.06, 65.44, 64.6, 65.2]	cifar100_baseline	cifar100	./data	64	10	0.1	Cosine	[60, 70]	40	0.0005	0.9	1.0	128	65536	0.999	0.07	0.0	2	https://storage.googleapis.com/vit_models/imagenet21k/ViT-B_16.npz	vit-b16	1	10	10	-1	10	False	100	15	8	2	3	0	False	pytorch	nccl	LoRA	5	0	12	[0, 1, 2]	0	1	-1	1	False	False	False	False	100	9	checkpoint/cifar100_baseline	[224, 224]	{}
13.03	72.28	65.7	[93.27, 48.8, 33.07, 26.87, 18.2, 15.37, 15.0, 14.53, 13.03]	[nan, 91.77, 84.68, 81.7, 78.24, 75.77, 74.47, 72.32, 72.28]	[93.27, 70.28, 67.48, 67.99, 66.23, 65.71, 65.97, 65.1, 65.7]	cifar100_baseline	cifar100	./data	64	10	0.1	Cosine	[60, 70]	40	0.0005	0.9	1.0	128	65536	0.999	0.07	0.0	2	https://storage.googleapis.com/vit_models/imagenet21k/ViT-B_16.npz	vit-b16	1	10	10	-1	10	False	100	15	8	2	3	0	False	pytorch	nccl	Adapter	5	0	12	[0, 1, 2]	0	1	-1	1	False	False	False	False	100	9	checkpoint/cifar100_baseline	[224, 224]	{}
14.47	72.95	66.45	[93.27, 51.9, 35.8, 29.4, 20.17, 17.17, 16.83, 16.4, 14.47]	[nan, 91.93, 84.7, 81.81, 78.68, 76.35, 75.24, 73.08, 72.95]	[93.27, 71.92, 68.4, 68.71, 66.97, 66.49, 66.9, 65.99, 66.45]	cifar100_baseline	cifar100	./data	64	10	0.1	Cosine	[60, 70]	40	0.0005	0.9	1.0	128	65536	0.999	0.07	0.0	2	https://storage.googleapis.com/vit_models/imagenet21k/ViT-B_16.npz	vit-b16	1	10	10	-1	10	False	100	15	8	2	3	0	False	pytorch	nccl	Prefix	5	0	12	[0, 1, 2]	0	1	-1	1	False	False	False	False	100	9	checkpoint/cifar100_baseline	[224, 224]	{}
0.0	14.12	12.56	[50.27, 0.0, 0.0, 0.0, 0.0, 0.0, 0.0, 0.0, 0.0]	[nan, 35.9, 26.72, 24.46, 17.82, 16.01, 14.46, 14.06, 14.12]	[50.27, 17.95, 17.81, 18.34, 14.25, 13.34, 12.4, 12.31, 12.56]	cifar100_baseline_10way10shot_finetune_base_inc_frozen	cifar100	./data	64	10	0.01	Cosine	[60, 70]	40	0.0005	0.9	1.0	128	65536	0.999	0.07	0.0	2	./checkpoint/moco_v3.pth	vit-b16	1	10	10	-1	10	False	100	15	8	2	3	0	False	pytorch	nccl	None	5	0	6	[]	0	1	-1	1	False	False	True	False	100	9	checkpoint/cifar100_baseline_10way10shot_finetune_base_inc_frozen	[224, 224]
28.47	16.17	17.54	[40.63, 40.33, 31.07, 30.83, 29.07, 29.07, 28.7, 28.67, 28.47]	[nan, 14.13, 24.02, 22.2, 19.15, 17.88, 17.17, 16.76, 16.17]	[40.63, 27.23, 26.37, 24.35, 21.13, 19.74, 18.82, 18.25, 17.54]	cifar100_baseline_10way10shot_finetune_base_inc_frozen	cifar100	./data	64	10	0.01	Cosine	[60, 70]	40	0.0005	0.9	1.0	128	65536	0.999	0.07	0.0	2	./checkpoint/moco_v3.pth	vit-b16	1	10	10	-1	10	False	100	15	8	2	3	0	False	pytorch	nccl	None	5	0	8	[]	0	1	-1	1	False	True	False	False	100	9	checkpoint/cifar100_baseline_10way10shot_finetune_base_inc_frozen	[224, 224]
31.5	19.65	20.97	[51.1, 50.5, 37.3, 36.7, 33.7, 33.7, 32.2, 32.2, 31.5]	[nan, 23.1, 28.55, 27.63, 22.43, 20.82, 20.47, 20.2, 19.65]	[51.1, 36.8, 31.47, 29.9, 24.68, 22.97, 22.14, 21.7, 20.97]	cifar100_baseline_10way10shot_finetune_base_inc_frozen	cifar100	./data	64	10	0.001	Cosine	[60, 70]	40	0.0005	0.9	1.0	128	65536	0.999	0.07	0.0	2	./checkpoint/moco_v3.pth	vit-b16	1	10	10	-1	10	False	100	15	8	2	3	0	False	pytorch	nccl	None	5	0	12	[]	0	1	-1	1	False	True	False	False	100	9	checkpoint/cifar100_baseline_10way10shot_finetune_base_inc_frozen	[224, 224]
0.0	20.5	18.23	[5.53, 0.0, 0.0, 0.0, 0.0, 0.0, 0.0, 0.0, 0.0]	[nan, 50.43, 30.23, 28.59, 23.15, 21.59, 21.27, 20.98, 20.5]	[5.53, 25.22, 20.16, 21.44, 18.52, 17.99, 18.23, 18.36, 18.23]	cifar100_baseline_10way10shot_finetune_base_inc_frozen	cifar100	./data	64	15	0.001	Cosine	[60, 70]	40	0.0005	0.9	1.0	128	65536	0.999	0.07	0.0	2	./checkpoint/moco_v3.pth	vit-b16	1	10	10	-1	10	False	100	15	8	2	3	0	False	pytorch	nccl	None	5	0	10	[]	0	1	-1	1	False	False	False	False	100	9	checkpoint/cifar100_baseline_10way10shot_finetune_base_inc_frozen	[224, 224]
31.3	19.34	20.67	[50.9, 50.3, 37.5, 36.9, 33.6, 33.6, 31.9, 31.9, 31.3]	[nan, 22.7, 28.4, 27.36, 21.93, 20.42, 20.12, 19.88, 19.34]	[50.9, 36.5, 31.43, 29.74, 24.26, 22.62, 21.8, 21.38, 20.67]	cifar100_baseline_10way10shot_finetune_base_inc_frozen	cifar100	./data	64	15	0.001	Cosine	[60, 70]	40	0.0005	0.9	1.0	128	65536	0.999	0.07	0.0	2	./checkpoint/moco_v3.pth	vit-b16	1	10	10	-1	10	False	100	15	8	2	3	0	False	pytorch	nccl	None	5	0	-1	[]	0	1	-1	1	False	True	True	False	100	9	checkpoint/cifar100_baseline_10way10shot_finetune_base_inc_frozen	[224, 224]
24.7	10.34	11.94	[32.2, 31.93, 26.43, 26.33, 25.37, 25.37, 24.8, 24.8, 24.7]	[nan, 9.0, 17.53, 15.0, 13.55, 12.05, 11.7, 11.02, 10.34]	[32.2, 20.47, 20.5, 17.83, 15.91, 14.27, 13.57, 12.74, 11.94]	cifar100_baseline_10way10shot_finetune_base_inc_frozen	cifar100	./data	64	20	0.01	Cosine	[60, 70]	40	0.0005	0.9	1.0	128	65536	0.999	0.07	0.0	2	./checkpoint/moco_v3.pth	vit-b16	1	10	10	-1	10	False	100	15	8	2	3	0	False	pytorch	nccl	None	5	0	11	[]	0	1	-1	1	False	True	False	False	100	9	checkpoint/cifar100_baseline_10way10shot_finetune_base_inc_frozen	[224, 224]
0.0	15.51	13.79	[11.13, 0.0, 0.0, 0.0, 0.0, 0.0, 0.0, 0.0, 0.0]	[nan, 36.57, 22.7, 20.18, 17.94, 16.43, 16.14, 15.76, 15.51]	[11.13, 18.28, 15.13, 15.13, 14.35, 13.69, 13.84, 13.79, 13.79]	cifar100_baseline_10way10shot_finetune_base_inc_frozen	cifar100	./data	64	10	0.01	Cosine	[60, 70]	40	0.0005	0.9	1.0	128	65536	0.999	0.07	0.0	2	./checkpoint/moco_v3.pth	vit-b16	1	10	10	-1	10	False	100	15	8	2	3	0	False	pytorch	nccl	None	5	0	6	[]	0	1	-1	1	False	False	False	False	100	9	checkpoint/cifar100_baseline_10way10shot_finetune_base_inc_frozen	[224, 224]
54.33	5.27	10.72	[54.4, 54.4, 54.4, 54.4, 54.33, 54.33, 54.33, 54.33, 54.33]	[nan, 0.1, 5.93, 5.62, 6.84, 7.08, 6.28, 5.95, 5.27]	[54.4, 27.25, 22.09, 17.81, 16.33, 14.96, 13.14, 12.0, 10.72]	cifar100_baseline_10way10shot_finetune_base_inc_frozen	cifar100	./data	64	10	0.01	Cosine	[60, 70]	40	0.0005	0.9	1.0	128	65536	0.999	0.07	0.0	2	./checkpoint/moco_v3.pth	vit-b16	1	10	10	-1	10	False	100	15	8	2	3	0	False	pytorch	nccl	None	5	0	12	[]	0	1	-1	1	False	False	True	False	100	9	checkpoint/cifar100_baseline_10way10shot_finetune_base_inc_frozen	[224, 224]
31.3	19.34	20.67	[50.9, 50.2, 37.5, 36.9, 33.6, 33.6, 31.9, 31.9, 31.3]	[nan, 22.73, 28.4, 27.37, 21.93, 20.4, 20.12, 19.89, 19.34]	[50.9, 36.47, 31.43, 29.75, 24.26, 22.6, 21.8, 21.39, 20.67]	cifar100_baseline_10way10shot_finetune_base_inc_frozen	cifar100	./data	64	10	0.001	Cosine	[60, 70]	40	0.0005	0.9	1.0	128	65536	0.999	0.07	0.0	2	./checkpoint/moco_v3.pth	vit-b16	1	10	10	-1	10	False	100	15	8	2	3	0	False	pytorch	nccl	None	5	0	2	[]	0	1	-1	1	False	True	True	False	100	9	checkpoint/cifar100_baseline_10way10shot_finetune_base_inc_frozen	[224, 224]
31.3	19.59	20.89	[50.87, 50.2, 37.03, 36.4, 33.4, 33.4, 32.0, 32.0, 31.3]	[nan, 23.0, 28.45, 27.53, 22.31, 20.71, 20.37, 20.14, 19.59]	[50.87, 36.6, 31.31, 29.75, 24.53, 22.83, 22.03, 21.62, 20.89]	cifar100_baseline_10way10shot_finetune_base_inc_frozen	cifar100	./data	64	10	0.001	Cosine	[60, 70]	40	0.0005	0.9	1.0	128	65536	0.999	0.07	0.0	2	./checkpoint/moco_v3.pth	vit-b16	1	10	10	-1	10	False	100	15	8	2	3	0	False	pytorch	nccl	None	5	0	-1	[]	0	1	-1	1	False	True	False	False	100	9	checkpoint/cifar100_baseline_10way10shot_finetune_base_inc_frozen	[224, 224]
31.47	19.53	20.86	[50.97, 50.33, 37.33, 36.73, 33.77, 33.77, 32.17, 32.17, 31.47]	[nan, 23.03, 28.52, 27.56, 22.26, 20.67, 20.31, 20.08, 19.53]	[50.97, 36.68, 31.46, 29.85, 24.56, 22.85, 22.0, 21.59, 20.86]	cifar100_baseline_10way10shot_finetune_base_inc_frozen	cifar100	./data	64	10	0.001	Cosine	[60, 70]	40	0.0005	0.9	1.0	128	65536	0.999	0.07	0.0	2	./checkpoint/moco_v3.pth	vit-b16	1	10	10	-1	10	False	100	15	8	2	3	0	False	pytorch	nccl	None	5	0	2	[]	0	1	-1	1	False	True	False	False	100	9	checkpoint/cifar100_baseline_10way10shot_finetune_base_inc_frozen	[224, 224]
31.3	19.34	20.67	[50.87, 50.2, 37.5, 36.9, 33.6, 33.6, 31.9, 31.9, 31.3]	[nan, 22.8, 28.35, 27.37, 21.93, 20.4, 20.12, 19.89, 19.34]	[50.87, 36.5, 31.4, 29.75, 24.26, 22.6, 21.8, 21.39, 20.67]	cifar100_baseline_10way10shot_finetune_base_inc_frozen	cifar100	./data	64	15	0.001	Cosine	[60, 70]	40	0.0005	0.9	1.0	128	65536	0.999	0.07	0.0	2	./checkpoint/moco_v3.pth	vit-b16	1	10	10	-1	10	False	100	15	8	2	3	0	False	pytorch	nccl	None	5	0	8	[]	0	1	-1	1	False	True	True	False	100	9	checkpoint/cifar100_baseline_10way10shot_finetune_base_inc_frozen	[224, 224]
0.0	14.08	12.52	[49.73, 0.0, 0.0, 0.0, 0.0, 0.0, 0.0, 0.0, 0.0]	[nan, 35.8, 26.6, 24.3, 17.77, 15.91, 14.37, 13.99, 14.08]	[49.73, 17.9, 17.73, 18.22, 14.21, 13.25, 12.32, 12.24, 12.52]	cifar100_baseline_10way10shot_finetune_base_inc_frozen	cifar100	./data	64	15	0.01	Cosine	[60, 70]	40	0.0005	0.9	1.0	128	65536	0.999	0.07	0.0	2	./checkpoint/moco_v3.pth	vit-b16	1	10	10	-1	10	False	100	15	8	2	3	0	False	pytorch	nccl	None	5	0	2	[]	0	1	-1	1	False	False	True	False	100	9	checkpoint/cifar100_baseline_10way10shot_finetune_base_inc_frozen	[224, 224]
31.5	19.65	20.97	[51.1, 50.5, 37.3, 36.7, 33.7, 33.7, 32.2, 32.2, 31.5]	[nan, 23.1, 28.55, 27.63, 22.43, 20.82, 20.47, 20.2, 19.65]	[51.1, 36.8, 31.47, 29.9, 24.68, 22.97, 22.14, 21.7, 20.97]	cifar100_baseline_10way10shot_finetune_base_inc_frozen	cifar100	./data	64	20	0.01	Cosine	[60, 70]	40	0.0005	0.9	1.0	128	65536	0.999	0.07	0.0	2	./checkpoint/moco_v3.pth	vit-b16	1	10	10	-1	10	False	100	15	8	2	3	0	False	pytorch	nccl	None	5	0	12	[]	0	1	-1	1	False	True	False	False	100	9	checkpoint/cifar100_baseline_10way10shot_finetune_base_inc_frozen	[224, 224]
24.13	12.63	13.91	[36.17, 35.47, 26.8, 26.53, 25.27, 25.27, 24.4, 24.4, 24.13]	[nan, 12.73, 19.48, 17.76, 14.93, 13.77, 13.48, 13.18, 12.63]	[36.17, 24.1, 21.92, 19.95, 16.99, 15.68, 15.04, 14.58, 13.91]	cifar100_baseline_10way10shot_finetune_base_inc_frozen	cifar100	./data	64	20	0.01	Cosine	[60, 70]	40	0.0005	0.9	1.0	128	65536	0.999	0.07	0.0	2	./checkpoint/moco_v3.pth	vit-b16	1	10	10	-1	10	False	100	15	8	2	3	0	False	pytorch	nccl	None	5	0	4	[]	0	1	-1	1	False	True	False	False	100	9	checkpoint/cifar100_baseline_10way10shot_finetune_base_inc_frozen	[224, 224]
24.9	13.7	14.94	[50.47, 45.87, 34.33, 33.4, 27.1, 27.1, 25.5, 25.5, 24.9]	[nan, 19.23, 25.82, 23.79, 17.31, 15.45, 14.15, 13.78, 13.7]	[50.47, 32.55, 28.65, 26.19, 19.27, 17.39, 15.77, 15.24, 14.94]	cifar100_baseline_10way10shot_finetune_base_inc_frozen	cifar100	./data	64	20	0.01	Cosine	[60, 70]	40	0.0005	0.9	1.0	128	65536	0.999	0.07	0.0	2	./checkpoint/moco_v3.pth	vit-b16	1	10	10	-1	10	False	100	15	8	2	3	0	False	pytorch	nccl	None	5	0	8	[]	0	1	-1	1	False	True	True	False	100	9	checkpoint/cifar100_baseline_10way10shot_finetune_base_inc_frozen	[224, 224]
0.0	20.13	17.89	[4.67, 0.0, 0.0, 0.0, 0.0, 0.0, 0.0, 0.0, 0.0]	[nan, 49.53, 29.75, 28.28, 22.83, 21.27, 20.79, 20.57, 20.13]	[4.67, 24.77, 19.83, 21.2, 18.26, 17.73, 17.82, 18.0, 17.89]	cifar100_baseline_10way10shot_finetune_base_inc_frozen	cifar100	./data	64	10	0.001	Cosine	[60, 70]	40	0.0005	0.9	1.0	128	65536	0.999	0.07	0.0	2	./checkpoint/moco_v3.pth	vit-b16	1	10	10	-1	10	False	100	15	8	2	3	0	False	pytorch	nccl	None	5	0	-1	[]	0	1	-1	1	False	False	False	False	100	9	checkpoint/cifar100_baseline_10way10shot_finetune_base_inc_frozen	[224, 224]
17.2	19.81	19.52	[50.9, 43.9, 19.3, 18.3, 17.7, 17.7, 17.2, 17.2, 17.2]	[nan, 41.63, 29.4, 28.07, 22.35, 20.8, 20.47, 20.21, 19.81]	[50.9, 42.77, 26.03, 25.62, 21.42, 20.28, 20.0, 19.84, 19.52]	cifar100_baseline_10way10shot_finetune_base_inc_frozen	cifar100	./data	64	15	0.001	Cosine	[60, 70]	40	0.0005	0.9	1.0	128	65536	0.999	0.07	0.0	2	./checkpoint/moco_v3.pth	vit-b16	1	10	10	-1	10	False	100	15	8	2	3	0	False	pytorch	nccl	None	5	0	11	[]	0	1	-1	1	False	False	True	False	100	9	checkpoint/cifar100_baseline_10way10shot_finetune_base_inc_frozen	[224, 224]
51.13	9.07	13.74	[55.63, 55.57, 52.9, 52.73, 51.83, 51.83, 51.37, 51.33, 51.13]	[nan, 5.7, 12.13, 11.7, 10.74, 10.44, 9.9, 9.58, 9.07]	[55.63, 30.63, 25.72, 21.95, 18.96, 17.34, 15.82, 14.8, 13.74]	cifar100_baseline_10way10shot_finetune_base_inc_frozen	cifar100	./data	64	15	0.01	Cosine	[60, 70]	40	0.0005	0.9	1.0	128	65536	0.999	0.07	0.0	2	./checkpoint/moco_v3.pth	vit-b16	1	10	10	-1	10	False	100	15	8	2	3	0	False	pytorch	nccl	None	5	0	12	[]	0	1	-1	1	False	False	True	False	100	9	checkpoint/cifar100_baseline_10way10shot_finetune_base_inc_frozen	[224, 224]
0.0	19.63	17.45	[9.47, 0.0, 0.0, 0.0, 0.0, 0.0, 0.0, 0.0, 0.0]	[nan, 48.2, 29.68, 28.07, 22.37, 20.83, 20.27, 19.99, 19.63]	[9.47, 24.1, 19.79, 21.05, 17.89, 17.36, 17.37, 17.49, 17.45]	cifar100_baseline_10way10shot_finetune_base_inc_frozen	cifar100	./data	64	15	0.001	Cosine	[60, 70]	40	0.0005	0.9	1.0	128	65536	0.999	0.07	0.0	2	./checkpoint/moco_v3.pth	vit-b16	1	10	10	-1	10	False	100	15	8	2	3	0	False	pytorch	nccl	None	5	0	4	[]	0	1	-1	1	False	False	False	False	100	9	checkpoint/cifar100_baseline_10way10shot_finetune_base_inc_frozen	[224, 224]
24.93	13.71	14.95	[50.17, 45.97, 34.53, 33.53, 27.17, 27.17, 25.6, 25.6, 24.93]	[nan, 19.3, 25.72, 23.71, 17.32, 15.43, 14.12, 13.77, 13.71]	[50.17, 32.63, 28.66, 26.16, 19.29, 17.38, 15.76, 15.25, 14.95]	cifar100_baseline_10way10shot_finetune_base_inc_frozen	cifar100	./data	64	15	0.01	Cosine	[60, 70]	40	0.0005	0.9	1.0	128	65536	0.999	0.07	0.0	2	./checkpoint/moco_v3.pth	vit-b16	1	10	10	-1	10	False	100	15	8	2	3	0	False	pytorch	nccl	None	5	0	2	[]	0	1	-1	1.0	False	True	True	False	100	9	checkpoint/cifar100_baseline_10way10shot_finetune_base_inc_frozen	[224, 224]
0.0	14.05	12.49	[50.2, 0.0, 0.0, 0.0, 0.0, 0.0, 0.0, 0.0, 0.0]	[nan, 35.73, 26.58, 24.32, 17.77, 15.92, 14.41, 14.0, 14.05]	[50.2, 17.87, 17.72, 18.24, 14.21, 13.27, 12.35, 12.25, 12.49]	cifar100_baseline_10way10shot_finetune_base_inc_frozen	cifar100	./data	64	15	0.01	Cosine	[60, 70]	40	0.0005	0.9	1.0	128	65536	0.999	0.07	0.0	2	./checkpoint/moco_v3.pth	vit-b16	1	10	10	-1	10	False	100	15	8	2	3	0	False	pytorch	nccl	None	5	0	4	[]	0	1	-1	1.0	False	False	True	False	100	9	checkpoint/cifar100_baseline_10way10shot_finetune_base_inc_frozen	[224, 224]
0.0	14.01	12.46	[50.03, 0.0, 0.0, 0.0, 0.0, 0.0, 0.0, 0.0, 0.0]	[nan, 35.73, 26.45, 24.2, 17.64, 15.84, 14.36, 13.95, 14.01]	[50.03, 17.87, 17.63, 18.15, 14.11, 13.2, 12.31, 12.2, 12.46]	cifar100_baseline_10way10shot_finetune_base_inc_frozen	cifar100	./data	64	10	0.01	Cosine	[60, 70]	40	0.0005	0.9	1.0	128	65536	0.999	0.07	0.0	2	./checkpoint/moco_v3.pth	vit-b16	1	10	10	-1	10	False	100	15	8	2	3	0	False	pytorch	nccl	None	5	0	8	[]	0	1	-1	1.0	False	False	True	False	100	9	checkpoint/cifar100_baseline_10way10shot_finetune_base_inc_frozen	[224, 224]
77.17	70.9	71.59	[94.7, 91.83, 85.77, 83.77, 81.27, 79.93, 79.43, 78.23, 77.17]	[nan, 83.17, 79.68, 78.65, 75.86, 73.69, 72.57, 70.78, 70.9]	[94.7, 87.5, 81.71, 79.92, 76.94, 74.73, 73.55, 71.71, 71.59]	cifar100_baseline_10way10shot_finetune_base_inc_frozen	cifar100	./data	64	5	0.001	Cosine	[60, 70]	40	0.0005	0.9	1.0	128	65536	0.999	0.07	0.0	2	https://storage.googleapis.com/vit_models/imagenet21k/ViT-B_16.npz	vit-b16	1	10	10	-1	10	False	100	15	8	2	3	0	False	pytorch	nccl	Prefix	5	0	1	[]	1	0.5	-1	1.0	False	False	True	False	100	9	checkpoint/cifar100_baseline_10way10shot_finetune_base_inc_frozen	[224, 224]	{}
77.4	70.29	71.08	[94.2, 91.3, 85.5, 83.4, 81.4, 80.1, 79.6, 78.4, 77.4]	[nan, 82.8, 79.2, 78.23, 75.28, 73.2, 72.1, 70.2, 70.29]	[94.2, 87.05, 81.3, 79.52, 76.5, 74.35, 73.17, 71.22, 71.08]	cifar100_baseline_10way10shot_finetune_base_inc_frozen	cifar100	./data	64	10	0.001	Cosine	[60, 70]	40	0.0005	0.9	1.0	128	65536	0.999	0.07	0.0	2	https://storage.googleapis.com/vit_models/imagenet21k/ViT-B_16.npz	vit-b16	1	10	10	-1	10	False	100	15	8	2	3	0	False	pytorch	nccl	Prefix	3	0	12	[]	1	2.0	-1	1.0	False	False	True	False	100	9	checkpoint/cifar100_baseline_10way10shot_finetune_base_inc_frozen	[224, 224]	{}
77.43	70.26	71.06	[94.13, 91.27, 85.5, 83.4, 81.43, 80.13, 79.63, 78.43, 77.43]	[nan, 82.87, 79.2, 78.22, 75.28, 73.2, 72.1, 70.19, 70.26]	[94.13, 87.07, 81.3, 79.51, 76.51, 74.35, 73.17, 71.21, 71.06]	cifar100_baseline_10way10shot_finetune_base_inc_frozen	cifar100	./data	64	10	0.001	Cosine	[60, 70]	40	0.0005	0.9	1.0	128	65536	0.999	0.07	0.0	2	https://storage.googleapis.com/vit_models/imagenet21k/ViT-B_16.npz	vit-b16	1	10	10	-1	10	False	100	15	8	2	3	0	False	pytorch	nccl	Adapter	3	0	6	[]	5	1.0	-1	1.0	False	True	False	False	100	9	checkpoint/cifar100_baseline_10way10shot_finetune_base_inc_frozen	[224, 224]	{}
77.4	70.29	71.08	[94.1, 91.2, 85.4, 83.3, 81.4, 80.1, 79.6, 78.4, 77.4]	[nan, 82.83, 79.22, 78.23, 75.28, 73.2, 72.1, 70.2, 70.29]	[94.1, 87.02, 81.28, 79.5, 76.5, 74.35, 73.17, 71.22, 71.08]	cifar100_baseline_10way10shot_finetune_base_inc_frozen	cifar100	./data	64	10	0.001	Cosine	[60, 70]	40	0.0005	0.9	1.0	128	65536	0.999	0.07	0.0	2	https://storage.googleapis.com/vit_models/imagenet21k/ViT-B_16.npz	vit-b16	1	10	10	-1	10	False	100	15	8	2	3	0	False	pytorch	nccl	Prefix	5	0	9	[]	1	1.0	-1	1.0	False	False	True	False	100	9	checkpoint/cifar100_baseline_10way10shot_finetune_base_inc_frozen	[224, 224]	{}
74.33	80.52	79.84	[97.1, 91.33, 84.3, 82.77, 78.3, 76.63, 76.07, 74.8, 74.33]	[nan, 90.47, 88.32, 86.16, 83.78, 82.31, 81.41, 80.29, 80.52]	[97.1, 90.9, 86.98, 85.31, 82.69, 81.36, 80.64, 79.6, 79.84]	cifar100_baseline_10way10shot_finetune_base_inc_frozen	cifar100	./data	64	15	0.001	Cosine	[60, 70]	40	0.0005	0.9	1.0	128	65536	0.999	0.07	0.0	2	https://storage.googleapis.com/vit_models/imagenet21k/ViT-B_16.npz	vit-b16	1	10	10	-1	10	False	100	15	8	2	3	0	False	pytorch	nccl	LoRA	5	0	-1	[]	0	2.0	-1	1.0	False	False	True	False	100	9	checkpoint/cifar100_baseline_10way10shot_finetune_base_inc_frozen	[224, 224]	{}
