base_last	incremental_last	all_last	all_std_last	base	incremental	all	all_std	exp_name	dataset	dataroot	result_key	batch_size_base	epochs_base	lr_base	schedule	milestones	step	decay	momentum	ce_loss_factor	moco_dim	moco_k	moco_m	moco_t	moco_loss_factor	num_views	hf_model_checkpoint	encoder	num_mlp	shot	fsl_setup	incft	test_batch_size	eval_freq	num_workers	seed	num_seeds	pet_cls	rank	pet_tuning_start_epoch	encoder_ft_start_layer	adapt_blocks	encoder_ft_start_epoch	encoder_lr_factor	limited_base_class	limited_base_samples	pet_on_teacher	update_base_classifier_with_prototypes	start_training_with_prototypes	add_bias_in_classifier	base_class	way	num_classes	sessions	save_path	size_crops
0.0	53.86	48.15	2.87	[100.0, 0.0, 0.0, 0.0, 0.0, 0.0, 0.0, 0.0, 0.0, 0.0]	[nan, 100.0, 85.68, 78.94, 76.89, 69.71, 61.53, 56.86, 51.74, 53.86]	[100.0, 50.62, 58.18, 59.23, 61.11, 57.22, 52.0, 49.29, 45.56, 48.15]	[0.0, 0.0, 2.97, 5.85, 5.41, 4.64, 2.66, 2.29, 2.37, 2.87]	eurosat_contrast_and_calibration	eurosat	./data	contrast_and_calibration	64	50	0.5	Cosine	[60, 70]	40	0.0005	0.9	1.0	128	65536	0.999	0.07	1.0	2	google/vit-base-patch16-224-in21k	vit-b16	0	10	FSCIT	False	100	15	8	2	3	LoRA	5	0	-1	[0, 1, 2, 3, 4, 5, 6, 7, 8, 9, 10, 11]	0	0.1	-1	1.0	False	False	True	False	1	1	10	10	checkpoint/eurosat_contrast_and_calibration	[224, 224]
53.93	63.13	62.15	0.06	[100.0, 95.81, 82.2, 71.2, 66.09, 59.22, 53.93, 53.93, 53.93, 53.93]	[nan, 100.0, 88.99, 88.92, 77.84, 74.73, 67.26, 66.01, 61.5, 63.13]	[100.0, 97.82, 86.82, 84.46, 75.44, 71.96, 65.19, 64.4, 60.6, 62.15]	[0.0, 0.24, 0.2, 0.22, 0.13, 0.04, 0.03, 0.02, 0.08, 0.06]	eurosat_contrast_and_calibration	eurosat	./data	contrast_and_calibration	64	50	0.1	Cosine	[60, 70]	40	0.0005	0.9	1.0	128	65536	0.999	0.07	1.0	2	google/vit-base-patch16-224-in21k	vit-b16	0	10	FSCIT	False	100	15	8	2	3	LoRA	5	0	6	[0, 1, 2, 3, 4, 5, 6, 7, 8, 9, 10, 11]	0	0.01	-1	1.0	False	False	True	False	1	1	10	10	checkpoint/eurosat_contrast_and_calibration	[224, 224]
56.08	62.85	62.13	0.05	[100.0, 96.34, 83.07, 72.83, 67.65, 60.91, 56.08, 56.08, 56.08, 56.08]	[nan, 99.83, 88.8, 88.78, 77.51, 74.49, 67.04, 65.71, 61.2, 62.85]	[100.0, 97.99, 86.97, 84.76, 75.5, 72.07, 65.34, 64.42, 60.58, 62.13]	[0.0, 0.0, 0.16, 0.15, 0.05, 0.11, 0.11, 0.09, 0.06, 0.05]	eurosat_contrast_and_calibration	eurosat	./data	contrast_and_calibration	64	50	0.1	Cosine	[60, 70]	40	0.0005	0.9	1.0	128	65536	0.999	0.07	1.0	2	google/vit-base-patch16-224-in21k	vit-b16	0	10	FSCIT	False	100	15	8	2	3	LoRA	5	0	-1	[0, 1, 2, 3, 4, 5, 6, 7, 8, 9, 10, 11]	10	0.1	-1	1.0	False	False	True	False	1	1	10	10	checkpoint/eurosat_contrast_and_calibration	[224, 224]
56.54	62.87	62.2	0.1	[100.0, 96.34, 83.37, 73.18, 68.18, 61.6, 56.54, 56.54, 56.54, 56.54]	[nan, 99.89, 88.88, 88.84, 77.48, 74.65, 67.06, 65.75, 61.22, 62.87]	[100.0, 98.02, 87.11, 84.9, 75.59, 72.33, 65.43, 64.52, 60.66, 62.2]	[0.0, 0.04, 0.07, 0.11, 0.16, 0.26, 0.16, 0.15, 0.13, 0.1]	eurosat_contrast_and_calibration	eurosat	./data	contrast_and_calibration	64	50	0.5	Cosine	[60, 70]	40	0.0005	0.9	1.0	128	65536	0.999	0.07	1.0	2	google/vit-base-patch16-224-in21k	vit-b16	0	10	FSCIT	False	100	15	8	2	3	LoRA	5	0	6	[0, 1, 2, 3, 4, 5, 6, 7, 8, 9, 10, 11]	10	0.1	-1	1.0	False	False	True	False	1	1	10	10	checkpoint/eurosat_contrast_and_calibration	[224, 224]
51.08	63.32	62.02	0.55	[100.0, 93.77, 80.57, 68.24, 63.99, 56.72, 51.25, 51.08, 51.08, 51.08]	[nan, 99.94, 89.13, 89.08, 77.98, 75.1, 67.38, 66.4, 61.59, 63.32]	[100.0, 96.82, 86.44, 83.86, 75.14, 71.84, 64.87, 64.35, 60.33, 62.02]	[0.0, 0.3, 0.51, 0.49, 0.29, 1.17, 0.79, 0.7, 0.71, 0.55]	eurosat_contrast_and_calibration	eurosat	./data	contrast_and_calibration	64	50	0.5	Cosine	[60, 70]	40	0.0005	0.9	1.0	128	65536	0.999	0.07	1.0	2	google/vit-base-patch16-224-in21k	vit-b16	0	10	FSCIT	False	100	15	8	2	3	LoRA	5	0	-1	[0, 1, 2, 3, 4, 5, 6, 7, 8, 9, 10, 11]	0	0.01	-1	1.0	False	False	True	False	1	1	10	10	checkpoint/eurosat_contrast_and_calibration	[224, 224]
54.39	62.98	62.07	0.04	[100.0, 96.22, 82.61, 71.78, 66.61, 59.51, 54.39, 54.39, 54.39, 54.39]	[nan, 100.0, 89.02, 88.94, 77.72, 74.63, 67.15, 65.89, 61.34, 62.98]	[100.0, 98.02, 86.97, 84.62, 75.46, 71.94, 65.17, 64.36, 60.51, 62.07]	[0.0, 0.04, 0.04, 0.02, 0.03, 0.04, 0.03, 0.04, 0.03, 0.04]	eurosat_contrast_and_calibration	eurosat	./data	contrast_and_calibration	64	50	0.1	Cosine	[60, 70]	40	0.0005	0.9	1.0	128	65536	0.999	0.07	1.0	2	google/vit-base-patch16-224-in21k	vit-b16	0	10	FSCIT	False	100	15	8	2	3	LoRA	5	0	11	[0, 1, 2, 3, 4, 5, 6, 7, 8, 9, 10, 11]	0	0.01	-1	1.0	False	False	True	False	1	1	10	10	checkpoint/eurosat_contrast_and_calibration	[224, 224]
39.44	62.94	60.45	1.16	[100.0, 85.57, 71.09, 53.87, 50.85, 44.15, 39.56, 39.44, 39.44, 39.44]	[nan, 100.0, 89.16, 88.74, 78.58, 74.66, 67.07, 66.6, 61.11, 62.94]	[100.0, 92.78, 83.34, 80.0, 72.9, 69.22, 62.82, 62.98, 58.53, 60.45]	[0.0, 3.24, 4.29, 2.36, 1.39, 1.54, 1.88, 1.67, 1.21, 1.16]	eurosat_contrast_and_calibration	eurosat	./data	contrast_and_calibration	64	50	0.1	Cosine	[60, 70]	40	0.0005	0.9	1.0	128	65536	0.999	0.07	1.0	2	google/vit-base-patch16-224-in21k	vit-b16	0	10	FSCIT	False	100	15	8	2	3	LoRA	5	0	-1	[0, 1, 2, 3, 4, 5, 6, 7, 8, 9, 10, 11]	0	0.1	-1	1.0	False	False	True	False	1	1	10	10	checkpoint/eurosat_contrast_and_calibration	[224, 224]
39.09	64.24	61.57	0.27	[100.0, 88.48, 69.46, 54.51, 52.24, 44.79, 39.21, 39.09, 39.09, 39.09]	[nan, 100.0, 89.13, 89.27, 78.74, 75.74, 68.37, 67.61, 62.66, 64.24]	[100.0, 94.32, 82.81, 80.53, 73.29, 70.2, 63.84, 63.81, 59.85, 61.57]	[0.0, 0.67, 1.13, 0.88, 0.62, 0.6, 0.48, 0.3, 0.3, 0.27]	eurosat_contrast_and_calibration	eurosat	./data	contrast_and_calibration	64	50	0.1	Cosine	[60, 70]	40	0.0005	0.9	1.0	128	65536	0.999	0.07	1.0	2	google/vit-base-patch16-224-in21k	vit-b16	0	10	FSCIT	False	100	15	8	2	3	LoRA	5	0	11	[0, 1, 2, 3, 4, 5, 6, 7, 8, 9, 10, 11]	0	0.1	-1	1.0	False	False	True	False	1	1	10	10	checkpoint/eurosat_contrast_and_calibration	[224, 224]
55.73	63.1	62.31	0.08	[100.0, 96.34, 83.07, 72.54, 67.31, 60.56, 55.73, 55.73, 55.73, 55.73]	[nan, 99.83, 88.77, 88.75, 77.61, 74.76, 67.26, 65.96, 61.48, 63.1]	[100.0, 97.99, 86.95, 84.67, 75.51, 72.23, 65.47, 64.6, 60.79, 62.31]	[0.0, 0.0, 0.07, 0.08, 0.12, 0.07, 0.11, 0.08, 0.09, 0.08]	eurosat_contrast_and_calibration	eurosat	./data	contrast_and_calibration	64	50	0.5	Cosine	[60, 70]	40	0.0005	0.9	1.0	128	65536	0.999	0.07	1.0	2	google/vit-base-patch16-224-in21k	vit-b16	0	10	FSCIT	False	100	15	8	2	3	LoRA	5	0	-1	[0, 1, 2, 3, 4, 5, 6, 7, 8, 9, 10, 11]	10	0.01	-1	1.0	False	False	True	False	1	1	10	10	checkpoint/eurosat_contrast_and_calibration	[224, 224]
56.25	62.87	62.17	0.02	[100.0, 96.34, 83.13, 73.12, 67.77, 60.97, 56.25, 56.25, 56.25, 56.25]	[nan, 99.83, 88.77, 88.76, 77.48, 74.53, 67.09, 65.72, 61.21, 62.87]	[100.0, 97.99, 86.97, 84.82, 75.5, 72.12, 65.41, 64.46, 60.62, 62.17]	[0.0, 0.0, 0.09, 0.06, 0.03, 0.05, 0.05, 0.02, 0.03, 0.02]	eurosat_contrast_and_calibration	eurosat	./data	contrast_and_calibration	64	50	0.1	Cosine	[60, 70]	40	0.0005	0.9	1.0	128	65536	0.999	0.07	1.0	2	google/vit-base-patch16-224-in21k	vit-b16	0	10	FSCIT	False	100	15	8	2	3	LoRA	5	0	11	[0, 1, 2, 3, 4, 5, 6, 7, 8, 9, 10, 11]	10	1.0	-1	1.0	False	False	True	False	1	1	10	10	checkpoint/eurosat_contrast_and_calibration	[224, 224]
56.37	62.84	62.16	0.01	[100.0, 96.34, 83.19, 73.18, 67.83, 61.14, 56.37, 56.37, 56.37, 56.37]	[nan, 99.83, 88.85, 88.8, 77.48, 74.52, 67.08, 65.71, 61.18, 62.84]	[100.0, 97.99, 87.04, 84.87, 75.51, 72.14, 65.42, 64.47, 60.61, 62.16]	[0.0, 0.0, 0.03, 0.04, 0.03, 0.04, 0.02, 0.02, 0.01, 0.01]	eurosat_contrast_and_calibration	eurosat	./data	contrast_and_calibration	64	50	0.1	Cosine	[60, 70]	40	0.0005	0.9	1.0	128	65536	0.999	0.07	1.0	2	google/vit-base-patch16-224-in21k	vit-b16	0	10	FSCIT	False	100	15	8	2	3	LoRA	5	0	6	[0, 1, 2, 3, 4, 5, 6, 7, 8, 9, 10, 11]	10	0.1	-1	1.0	False	False	True	False	1	1	10	10	checkpoint/eurosat_contrast_and_calibration	[224, 224]
55.73	62.77	62.03	0.01	[100.0, 96.28, 83.13, 72.89, 67.42, 60.56, 55.73, 55.73, 55.73, 55.73]	[nan, 99.89, 88.66, 88.69, 77.39, 74.42, 66.97, 65.6, 61.11, 62.77]	[100.0, 97.99, 86.89, 84.71, 75.36, 71.95, 65.22, 64.28, 60.46, 62.03]	[0.0, 0.07, 0.15, 0.14, 0.09, 0.16, 0.12, 0.07, 0.01, 0.01]	eurosat_contrast_and_calibration	eurosat	./data	contrast_and_calibration	64	50	0.5	Cosine	[60, 70]	40	0.0005	0.9	1.0	128	65536	0.999	0.07	1.0	2	google/vit-base-patch16-224-in21k	vit-b16	0	10	FSCIT	False	100	15	8	2	3	LoRA	5	0	11	[0, 1, 2, 3, 4, 5, 6, 7, 8, 9, 10, 11]	10	0.1	-1	1.0	False	False	True	False	1	1	10	10	checkpoint/eurosat_contrast_and_calibration	[224, 224]
0.0	60.86	54.4	2.48	[100.0, 0.0, 0.0, 0.0, 0.0, 0.0, 0.0, 0.0, 0.0, 0.0]	[nan, 100.0, 88.96, 86.82, 81.13, 78.27, 68.63, 65.12, 58.32, 60.86]	[100.0, 50.62, 60.32, 65.06, 64.47, 64.22, 57.99, 56.44, 51.36, 54.4]	[0.0, 0.0, 0.13, 0.37, 0.08, 0.05, 0.53, 2.42, 2.55, 2.48]	eurosat_contrast_and_calibration	eurosat	./data	contrast_and_calibration	64	50	0.5	Cosine	[60, 70]	40	0.0005	0.9	1.0	128	65536	0.999	0.07	1.0	2	google/vit-base-patch16-224-in21k	vit-b16	0	10	FSCIT	False	100	15	8	2	3	LoRA	5	0	11	[0, 1, 2, 3, 4, 5, 6, 7, 8, 9, 10, 11]	0	0.1	-1	1.0	False	False	True	False	1	1	10	10	checkpoint/eurosat_contrast_and_calibration	[224, 224]
53.35	62.97	61.95	0.17	[100.0, 95.11, 81.56, 70.1, 65.21, 58.35, 53.4, 53.35, 53.35, 53.35]	[nan, 100.0, 89.05, 89.04, 78.12, 74.76, 67.16, 65.94, 61.38, 62.97]	[100.0, 97.49, 86.65, 84.28, 75.48, 71.84, 65.03, 64.26, 60.42, 61.95]	[0.0, 0.31, 0.46, 0.45, 0.23, 0.07, 0.05, 0.07, 0.2, 0.17]	eurosat_contrast_and_calibration	eurosat	./data	contrast_and_calibration	64	50	0.1	Cosine	[60, 70]	40	0.0005	0.9	1.0	128	65536	0.999	0.07	1.0	2	google/vit-base-patch16-224-in21k	vit-b16	0	10	FSCIT	False	100	15	8	2	3	LoRA	5	0	-1	[0, 1, 2, 3, 4, 5, 6, 7, 8, 9, 10, 11]	0	0.01	-1	1.0	False	False	True	False	1	1	10	10	checkpoint/eurosat_contrast_and_calibration	[224, 224]
39.15	64.15	61.5	0.16	[100.0, 88.77, 69.57, 54.1, 51.66, 44.5, 39.21, 39.15, 39.15, 39.15]	[nan, 100.0, 88.71, 88.9, 78.73, 75.55, 68.12, 67.66, 62.66, 64.15]	[100.0, 94.46, 82.56, 80.15, 73.16, 69.99, 63.63, 63.87, 59.86, 61.5]	[0.0, 1.37, 1.75, 1.48, 0.92, 0.58, 0.39, 0.13, 0.19, 0.16]	eurosat_contrast_and_calibration	eurosat	./data	contrast_and_calibration	64	50	0.1	Cosine	[60, 70]	40	0.0005	0.9	1.0	128	65536	0.999	0.07	1.0	2	google/vit-base-patch16-224-in21k	vit-b16	0	10	FSCIT	False	100	15	8	2	3	LoRA	5	0	6	[0, 1, 2, 3, 4, 5, 6, 7, 8, 9, 10, 11]	0	0.1	-1	1.0	False	False	True	False	1	1	10	10	checkpoint/eurosat_contrast_and_calibration	[224, 224]
55.56	62.99	62.2	0.08	[100.0, 95.87, 82.84, 72.48, 67.13, 60.44, 55.56, 55.56, 55.56, 55.56]	[nan, 99.83, 88.79, 88.78, 77.66, 74.48, 67.03, 65.79, 61.33, 62.99]	[100.0, 97.76, 86.89, 84.68, 75.51, 71.98, 65.25, 64.43, 60.64, 62.2]	[0.0, 0.26, 0.21, 0.22, 0.03, 0.24, 0.18, 0.11, 0.1, 0.08]	eurosat_contrast_and_calibration	eurosat	./data	contrast_and_calibration	64	50	0.5	Cosine	[60, 70]	40	0.0005	0.9	1.0	128	65536	0.999	0.07	1.0	2	google/vit-base-patch16-224-in21k	vit-b16	0	10	FSCIT	False	100	15	8	2	3	LoRA	5	0	11	[0, 1, 2, 3, 4, 5, 6, 7, 8, 9, 10, 11]	10	1.0	-1	1.0	False	False	True	False	1	1	10	10	checkpoint/eurosat_contrast_and_calibration	[224, 224]
56.43	62.87	62.19	0.0	[100.0, 96.34, 83.19, 73.18, 67.83, 61.14, 56.43, 56.43, 56.43, 56.43]	[nan, 99.83, 88.88, 88.82, 77.49, 74.55, 67.1, 65.75, 61.2, 62.87]	[100.0, 97.99, 87.06, 84.88, 75.52, 72.16, 65.44, 64.5, 60.63, 62.19]	[0.0, 0.0, 0.03, 0.04, 0.02, 0.02, 0.01, 0.01, 0.01, 0.0]	eurosat_contrast_and_calibration	eurosat	./data	contrast_and_calibration	64	50	0.1	Cosine	[60, 70]	40	0.0005	0.9	1.0	128	65536	0.999	0.07	1.0	2	google/vit-base-patch16-224-in21k	vit-b16	0	10	FSCIT	False	100	15	8	2	3	LoRA	5	0	11	[0, 1, 2, 3, 4, 5, 6, 7, 8, 9, 10, 11]	10	0.01	-1	1.0	False	False	True	False	1	1	10	10	checkpoint/eurosat_contrast_and_calibration	[224, 224]
49.27	63.24	61.76	0.04	[100.0, 94.47, 79.58, 67.54, 62.48, 54.97, 49.27, 49.27, 49.27, 49.27]	[nan, 100.0, 89.07, 89.14, 78.21, 75.06, 67.58, 66.3, 61.6, 63.24]	[100.0, 97.18, 86.04, 83.72, 75.0, 71.48, 64.75, 64.03, 60.13, 61.76]	[0.0, 0.14, 0.09, 0.21, 0.15, 0.13, 0.12, 0.05, 0.07, 0.04]	eurosat_contrast_and_calibration	eurosat	./data	contrast_and_calibration	64	50	0.5	Cosine	[60, 70]	40	0.0005	0.9	1.0	128	65536	0.999	0.07	1.0	2	google/vit-base-patch16-224-in21k	vit-b16	0	10	FSCIT	False	100	15	8	2	3	LoRA	5	0	11	[0, 1, 2, 3, 4, 5, 6, 7, 8, 9, 10, 11]	0	0.01	-1	1.0	False	False	True	False	1	1	10	10	checkpoint/eurosat_contrast_and_calibration	[224, 224]
0.0	36.42	32.56	9.49	[100.0, 0.0, 0.0, 0.0, 0.0, 0.0, 0.0, 0.0, 0.0, 0.0]	[nan, 100.0, 86.93, 77.0, 72.03, 67.72, 57.21, 48.96, 43.07, 36.42]	[100.0, 50.62, 58.94, 57.72, 57.24, 55.56, 48.33, 42.44, 37.93, 32.56]	[0.0, 0.0, 1.73, 5.54, 7.78, 8.7, 7.91, 4.67, 4.2, 9.49]	eurosat_contrast_and_calibration	eurosat	./data	contrast_and_calibration	64	50	0.1	Cosine	[60, 70]	40	0.0005	0.9	1.0	128	65536	0.999	0.07	1.0	2	google/vit-base-patch16-224-in21k	vit-b16	0	10	FSCIT	False	100	15	8	2	3	LoRA	5	0	11	[0, 1, 2, 3, 4, 5, 6, 7, 8, 9, 10, 11]	0	1.0	-1	1.0	False	False	True	False	1	1	10	10	checkpoint/eurosat_contrast_and_calibration	[224, 224]
56.2	62.91	62.2	0.02	[100.0, 96.34, 83.19, 73.06, 67.77, 60.91, 56.2, 56.2, 56.2, 56.2]	[nan, 99.83, 88.85, 88.8, 77.52, 74.57, 67.12, 65.81, 61.26, 62.91]	[100.0, 97.99, 87.04, 84.84, 75.54, 72.14, 65.42, 64.52, 60.65, 62.2]	[0.0, 0.0, 0.03, 0.04, 0.02, 0.04, 0.04, 0.02, 0.02, 0.02]	eurosat_contrast_and_calibration	eurosat	./data	contrast_and_calibration	64	50	0.1	Cosine	[60, 70]	40	0.0005	0.9	1.0	128	65536	0.999	0.07	1.0	2	google/vit-base-patch16-224-in21k	vit-b16	0	10	FSCIT	False	100	15	8	2	3	LoRA	5	0	6	[0, 1, 2, 3, 4, 5, 6, 7, 8, 9, 10, 11]	10	0.01	-1	1.0	False	False	True	False	1	1	10	10	checkpoint/eurosat_contrast_and_calibration	[224, 224]
0.0	40.36	36.08	4.82	[100.0, 0.0, 0.0, 0.0, 0.0, 0.0, 0.0, 0.0, 0.0, 0.0]	[nan, 100.0, 74.83, 61.61, 59.87, 53.67, 47.96, 44.18, 38.88, 40.36]	[100.0, 50.62, 50.76, 46.22, 47.61, 44.11, 40.55, 38.29, 34.24, 36.08]	[0.0, 0.0, 9.61, 12.04, 9.97, 10.2, 8.57, 4.97, 4.48, 4.82]	eurosat_contrast_and_calibration	eurosat	./data	contrast_and_calibration	64	50	0.1	Cosine	[60, 70]	40	0.0005	0.9	1.0	128	65536	0.999	0.07	1.0	2	google/vit-base-patch16-224-in21k	vit-b16	0	10	FSCIT	False	100	15	8	2	3	LoRA	5	0	-1	[0, 1, 2, 3, 4, 5, 6, 7, 8, 9, 10, 11]	0	1.0	-1	1.0	False	False	True	False	1	1	10	10	checkpoint/eurosat_contrast_and_calibration	[224, 224]
56.25	62.89	62.18	0.04	[100.0, 96.34, 83.25, 73.24, 67.83, 60.97, 56.25, 56.25, 56.25, 56.25]	[nan, 99.83, 88.91, 88.86, 77.57, 74.57, 67.1, 65.71, 61.21, 62.89]	[100.0, 97.99, 87.1, 84.92, 75.58, 72.15, 65.42, 64.45, 60.62, 62.18]	[0.0, 0.0, 0.02, 0.02, 0.06, 0.08, 0.07, 0.07, 0.05, 0.04]	eurosat_contrast_and_calibration	eurosat	./data	contrast_and_calibration	64	50	0.1	Cosine	[60, 70]	40	0.0005	0.9	1.0	128	65536	0.999	0.07	1.0	2	google/vit-base-patch16-224-in21k	vit-b16	0	10	FSCIT	False	100	15	8	2	3	LoRA	5	0	11	[0, 1, 2, 3, 4, 5, 6, 7, 8, 9, 10, 11]	10	0.1	-1	1.0	False	False	True	False	1	1	10	10	checkpoint/eurosat_contrast_and_calibration	[224, 224]
49.91	63.33	61.91	0.24	[100.0, 94.42, 80.39, 68.24, 63.0, 55.67, 49.91, 49.91, 49.91, 49.91]	[nan, 100.0, 89.13, 89.14, 78.04, 75.13, 67.62, 66.32, 61.68, 63.33]	[100.0, 97.15, 86.35, 83.89, 74.97, 71.67, 64.88, 64.13, 60.28, 61.91]	[0.0, 0.42, 0.45, 0.39, 0.29, 0.24, 0.29, 0.26, 0.28, 0.24]	eurosat_contrast_and_calibration	eurosat	./data	contrast_and_calibration	64	50	0.5	Cosine	[60, 70]	40	0.0005	0.9	1.0	128	65536	0.999	0.07	1.0	2	google/vit-base-patch16-224-in21k	vit-b16	0	10	FSCIT	False	100	15	8	2	3	LoRA	5	0	6	[0, 1, 2, 3, 4, 5, 6, 7, 8, 9, 10, 11]	0	0.01	-1	1.0	False	False	True	False	1	1	10	10	checkpoint/eurosat_contrast_and_calibration	[224, 224]
0.0	22.08	19.74	10.08	[100.0, 0.0, 0.0, 0.0, 0.0, 0.0, 0.0, 0.0, 0.0, 0.0]	[nan, 100.0, 49.72, 38.84, 35.57, 33.29, 27.89, 32.08, 28.2, 22.08]	[100.0, 50.62, 33.66, 29.13, 28.32, 27.36, 23.59, 27.82, 24.84, 19.74]	[0.0, 0.0, 0.86, 2.82, 6.04, 8.17, 7.06, 3.88, 3.47, 10.08]	eurosat_contrast_and_calibration	eurosat	./data	contrast_and_calibration	64	50	0.5	Cosine	[60, 70]	40	0.0005	0.9	1.0	128	65536	0.999	0.07	1.0	2	google/vit-base-patch16-224-in21k	vit-b16	0	10	FSCIT	False	100	15	8	2	3	LoRA	5	0	11	[0, 1, 2, 3, 4, 5, 6, 7, 8, 9, 10, 11]	0	1.0	-1	1.0	False	False	True	False	1	1	10	10	checkpoint/eurosat_contrast_and_calibration	[224, 224]
0.0	13.03	11.65	0.6	[100.0, 0.0, 0.0, 0.0, 0.0, 0.0, 0.0, 0.0, 0.0, 0.0]	[nan, 100.0, 49.33, 32.8, 25.35, 23.4, 19.6, 16.4, 14.41, 13.03]	[100.0, 50.62, 33.44, 24.58, 20.16, 19.24, 16.58, 14.22, 12.69, 11.65]	[0.0, 0.0, 1.23, 1.15, 0.93, 1.4, 1.23, 1.08, 0.98, 0.6]	eurosat_contrast_and_calibration	eurosat	./data	contrast_and_calibration	64	50	0.5	Cosine	[60, 70]	40	0.0005	0.9	1.0	128	65536	0.999	0.07	1.0	2	google/vit-base-patch16-224-in21k	vit-b16	0	10	FSCIT	False	100	15	8	2	3	LoRA	5	0	6	[0, 1, 2, 3, 4, 5, 6, 7, 8, 9, 10, 11]	0	1.0	-1	1.0	False	False	True	False	1	1	10	10	checkpoint/eurosat_contrast_and_calibration	[224, 224]
56.37	62.85	62.17	0.02	[100.0, 96.34, 83.13, 73.18, 67.77, 61.08, 56.37, 56.37, 56.37, 56.37]	[nan, 99.83, 88.83, 88.78, 77.48, 74.56, 67.11, 65.74, 61.19, 62.85]	[100.0, 97.99, 87.01, 84.85, 75.5, 72.16, 65.44, 64.49, 60.62, 62.17]	[0.0, 0.0, 0.05, 0.04, 0.03, 0.04, 0.04, 0.03, 0.02, 0.02]	eurosat_contrast_and_calibration	eurosat	./data	contrast_and_calibration	64	50	0.1	Cosine	[60, 70]	40	0.0005	0.9	1.0	128	65536	0.999	0.07	1.0	2	google/vit-base-patch16-224-in21k	vit-b16	0	10	FSCIT	False	100	15	8	2	3	LoRA	5	0	6	[0, 1, 2, 3, 4, 5, 6, 7, 8, 9, 10, 11]	10	1.0	-1	1.0	False	False	True	False	1	1	10	10	checkpoint/eurosat_contrast_and_calibration	[224, 224]
56.37	62.85	62.16	0.02	[100.0, 96.34, 83.25, 73.18, 67.89, 61.08, 56.37, 56.37, 56.37, 56.37]	[nan, 99.83, 88.83, 88.78, 77.49, 74.55, 67.07, 65.72, 61.19, 62.85]	[100.0, 97.99, 87.04, 84.85, 75.54, 72.15, 65.41, 64.47, 60.61, 62.16]	[0.0, 0.0, 0.03, 0.02, 0.02, 0.01, 0.03, 0.03, 0.02, 0.02]	eurosat_contrast_and_calibration	eurosat	./data	contrast_and_calibration	64	50	0.1	Cosine	[60, 70]	40	0.0005	0.9	1.0	128	65536	0.999	0.07	1.0	2	google/vit-base-patch16-224-in21k	vit-b16	0	10	FSCIT	False	100	15	8	2	3	LoRA	5	0	-1	[0, 1, 2, 3, 4, 5, 6, 7, 8, 9, 10, 11]	10	1.0	-1	1.0	False	False	True	False	1	1	10	10	checkpoint/eurosat_contrast_and_calibration	[224, 224]
56.31	62.87	62.18	0.01	[100.0, 96.34, 83.19, 73.18, 67.83, 61.08, 56.31, 56.31, 56.31, 56.31]	[nan, 99.83, 88.88, 88.82, 77.5, 74.56, 67.1, 65.73, 61.21, 62.87]	[100.0, 97.99, 87.06, 84.88, 75.53, 72.16, 65.42, 64.47, 60.63, 62.18]	[0.0, 0.0, 0.03, 0.02, 0.03, 0.02, 0.02, 0.02, 0.02, 0.01]	eurosat_contrast_and_calibration	eurosat	./data	contrast_and_calibration	64	50	0.1	Cosine	[60, 70]	40	0.0005	0.9	1.0	128	65536	0.999	0.07	1.0	2	google/vit-base-patch16-224-in21k	vit-b16	0	10	FSCIT	False	100	15	8	2	3	LoRA	5	0	-1	[0, 1, 2, 3, 4, 5, 6, 7, 8, 9, 10, 11]	10	0.01	-1	1.0	False	False	True	False	1	1	10	10	checkpoint/eurosat_contrast_and_calibration	[224, 224]
53.23	63.17	62.11	0.11	[100.0, 94.88, 81.27, 69.98, 65.27, 58.46, 53.23, 53.23, 53.23, 53.23]	[nan, 99.89, 88.88, 88.84, 77.96, 74.64, 67.13, 66.04, 61.63, 63.17]	[100.0, 97.32, 86.44, 84.09, 75.37, 71.76, 64.97, 64.32, 60.62, 62.11]	[0.0, 0.53, 0.38, 0.38, 0.26, 0.27, 0.28, 0.13, 0.11, 0.11]	eurosat_contrast_and_calibration	eurosat	./data	contrast_and_calibration	64	50	0.5	Cosine	[60, 70]	40	0.0005	0.9	1.0	128	65536	0.999	0.07	1.0	2	google/vit-base-patch16-224-in21k	vit-b16	0	10	FSCIT	False	100	15	8	2	3	LoRA	5	0	-1	[0, 1, 2, 3, 4, 5, 6, 7, 8, 9, 10, 11]	10	0.1	-1	1.0	False	False	True	False	1	1	10	10	checkpoint/eurosat_contrast_and_calibration	[224, 224]
54.92	62.89	62.04	0.09	[100.0, 95.93, 82.66, 72.08, 66.96, 59.86, 54.92, 54.92, 54.92, 54.92]	[nan, 99.94, 88.71, 88.74, 77.69, 74.61, 67.11, 65.74, 61.25, 62.89]	[100.0, 97.85, 86.78, 84.55, 75.5, 71.98, 65.22, 64.3, 60.49, 62.04]	[0.0, 0.32, 0.22, 0.3, 0.16, 0.21, 0.16, 0.13, 0.08, 0.09]	eurosat_contrast_and_calibration	eurosat	./data	contrast_and_calibration	64	50	0.5	Cosine	[60, 70]	40	0.0005	0.9	1.0	128	65536	0.999	0.07	1.0	2	google/vit-base-patch16-224-in21k	vit-b16	0	10	FSCIT	False	100	15	8	2	3	LoRA	5	0	6	[0, 1, 2, 3, 4, 5, 6, 7, 8, 9, 10, 11]	10	0.01	-1	1.0	False	False	True	False	1	1	10	10	checkpoint/eurosat_contrast_and_calibration	[224, 224]
0.0	48.18	43.07	2.91	[100.0, 0.0, 0.0, 0.0, 0.0, 0.0, 0.0, 0.0, 0.0, 0.0]	[nan, 100.0, 75.36, 72.34, 69.44, 64.44, 55.75, 53.24, 47.1, 48.18]	[100.0, 50.62, 51.11, 54.21, 55.2, 52.89, 47.1, 46.14, 41.48, 43.07]	[0.0, 0.0, 6.23, 7.09, 5.24, 5.92, 6.61, 6.61, 6.13, 2.91]	eurosat_contrast_and_calibration	eurosat	./data	contrast_and_calibration	64	50	0.1	Cosine	[60, 70]	40	0.0005	0.9	1.0	128	65536	0.999	0.07	1.0	2	google/vit-base-patch16-224-in21k	vit-b16	0	10	FSCIT	False	100	15	8	2	3	LoRA	5	0	6	[0, 1, 2, 3, 4, 5, 6, 7, 8, 9, 10, 11]	0	1.0	-1	1.0	False	False	True	False	1	1	10	10	checkpoint/eurosat_contrast_and_calibration	[224, 224]
1.05	63.75	57.1	1.44	[100.0, 12.8, 6.81, 2.33, 2.09, 1.4, 1.05, 1.05, 1.05, 1.05]	[nan, 100.0, 88.82, 87.45, 77.89, 75.49, 67.87, 67.7, 61.43, 63.75]	[100.0, 56.95, 62.44, 66.12, 62.34, 62.21, 57.52, 58.81, 54.22, 57.1]	[0.0, 6.87, 3.32, 1.72, 0.35, 0.34, 0.8, 1.44, 1.67, 1.44]	eurosat_contrast_and_calibration	eurosat	./data	contrast_and_calibration	64	50	0.5	Cosine	[60, 70]	40	0.0005	0.9	1.0	128	65536	0.999	0.07	1.0	2	google/vit-base-patch16-224-in21k	vit-b16	0	10	FSCIT	False	100	15	8	2	3	LoRA	5	0	6	[0, 1, 2, 3, 4, 5, 6, 7, 8, 9, 10, 11]	0	0.1	-1	1.0	False	False	True	False	1	1	10	10	checkpoint/eurosat_contrast_and_calibration	[224, 224]
55.32	62.97	62.16	0.01	[100.0, 96.22, 82.84, 72.77, 67.25, 60.38, 55.32, 55.32, 55.32, 55.32]	[nan, 99.83, 88.74, 88.74, 77.49, 74.43, 67.07, 65.77, 61.33, 62.97]	[100.0, 97.93, 86.85, 84.72, 75.4, 71.93, 65.24, 64.37, 60.61, 62.16]	[0.0, 0.08, 0.2, 0.18, 0.05, 0.2, 0.11, 0.09, 0.04, 0.01]	eurosat_contrast_and_calibration	eurosat	./data	contrast_and_calibration	64	50	0.5	Cosine	[60, 70]	40	0.0005	0.9	1.0	128	65536	0.999	0.07	1.0	2	google/vit-base-patch16-224-in21k	vit-b16	0	10	FSCIT	False	100	15	8	2	3	LoRA	5	0	11	[0, 1, 2, 3, 4, 5, 6, 7, 8, 9, 10, 11]	10	0.01	-1	1.0	False	False	True	False	1	1	10	10	checkpoint/eurosat_contrast_and_calibration	[224, 224]
56.14	62.88	62.16	0.01	[100.0, 96.34, 83.13, 72.95, 67.71, 60.85, 56.14, 56.14, 56.14, 56.14]	[nan, 99.89, 88.8, 88.78, 77.53, 74.52, 67.06, 65.73, 61.21, 62.88]	[100.0, 98.02, 86.99, 84.8, 75.53, 72.08, 65.37, 64.45, 60.61, 62.16]	[0.0, 0.04, 0.13, 0.13, 0.03, 0.08, 0.07, 0.04, 0.02, 0.01]	eurosat_contrast_and_calibration	eurosat	./data	contrast_and_calibration	64	50	0.1	Cosine	[60, 70]	40	0.0005	0.9	1.0	128	65536	0.999	0.07	1.0	2	google/vit-base-patch16-224-in21k	vit-b16	0	10	FSCIT	False	100	15	8	2	3	LoRA	5	0	11	[0, 1, 2, 3, 4, 5, 6, 7, 8, 9, 10, 11]	25	0.001	-1	1.0	False	False	True	False	1	1	10	10	checkpoint/eurosat_contrast_and_calibration	[224, 224]
56.43	62.88	62.19	0.01	[100.0, 96.34, 83.25, 73.24, 67.89, 61.2, 56.43, 56.43, 56.43, 56.43]	[nan, 99.83, 88.88, 88.82, 77.51, 74.56, 67.1, 65.73, 61.21, 62.88]	[100.0, 97.99, 87.08, 84.9, 75.55, 72.18, 65.44, 64.49, 60.64, 62.19]	[0.0, 0.0, 0.0, 0.02, 0.0, 0.01, 0.01, 0.02, 0.02, 0.01]	eurosat_contrast_and_calibration	eurosat	./data	contrast_and_calibration	64	50	0.1	Cosine	[60, 70]	40	0.0005	0.9	1.0	128	65536	0.999	0.07	1.0	2	google/vit-base-patch16-224-in21k	vit-b16	0	10	FSCIT	False	100	15	8	2	3	LoRA	5	0	11	[0, 1, 2, 3, 4, 5, 6, 7, 8, 9, 10, 11]	25	0.1	-1	1.0	False	False	True	False	1	1	10	10	checkpoint/eurosat_contrast_and_calibration	[224, 224]
56.02	62.89	62.16	0.02	[100.0, 96.34, 83.07, 73.06, 67.71, 60.85, 56.02, 56.02, 56.02, 56.02]	[nan, 99.83, 88.85, 88.8, 77.49, 74.56, 67.1, 65.76, 61.23, 62.89]	[100.0, 97.99, 87.0, 84.84, 75.5, 72.12, 65.38, 64.46, 60.61, 62.16]	[0.0, 0.0, 0.02, 0.02, 0.01, 0.03, 0.01, 0.02, 0.02, 0.02]	eurosat_contrast_and_calibration	eurosat	./data	contrast_and_calibration	64	50	0.1	Cosine	[60, 70]	40	0.0005	0.9	1.0	128	65536	0.999	0.07	1.0	2	google/vit-base-patch16-224-in21k	vit-b16	0	10	FSCIT	False	100	15	8	2	3	LoRA	5	0	6	[0, 1, 2, 3, 4, 5, 6, 7, 8, 9, 10, 11]	25	0.01	-1	1.0	False	False	True	False	1	1	10	10	checkpoint/eurosat_contrast_and_calibration	[224, 224]
56.37	62.84	62.16	0.02	[100.0, 96.34, 83.25, 73.3, 67.89, 61.08, 56.37, 56.37, 56.37, 56.37]	[nan, 99.83, 88.88, 88.82, 77.51, 74.57, 67.09, 65.71, 61.18, 62.84]	[100.0, 97.99, 87.08, 84.91, 75.55, 72.17, 65.42, 64.47, 60.61, 62.16]	[0.0, 0.0, 0.0, 0.0, 0.0, 0.03, 0.02, 0.02, 0.02, 0.02]	eurosat_contrast_and_calibration	eurosat	./data	contrast_and_calibration	64	50	0.1	Cosine	[60, 70]	40	0.0005	0.9	1.0	128	65536	0.999	0.07	1.0	2	google/vit-base-patch16-224-in21k	vit-b16	0	10	FSCIT	False	100	15	8	2	3	LoRA	5	0	3	[0, 1, 2, 3, 4, 5, 6, 7, 8, 9, 10, 11]	25	0.001	-1	1.0	False	False	True	False	1	1	10	10	checkpoint/eurosat_contrast_and_calibration	[224, 224]
0.0	60.28	53.88	2.2	[100.0, 0.17, 0.0, 0.0, 0.0, 0.0, 0.0, 0.0, 0.0, 0.0]	[nan, 100.0, 84.42, 83.75, 77.54, 74.45, 67.11, 64.74, 57.73, 60.28]	[100.0, 50.7, 57.22, 62.75, 61.62, 61.07, 56.69, 56.1, 50.84, 53.88]	[0.0, 0.12, 4.75, 4.03, 3.51, 3.37, 2.04, 2.48, 2.48, 2.2]	eurosat_contrast_and_calibration	eurosat	./data	contrast_and_calibration	64	50	0.1	Cosine	[60, 70]	40	0.0005	0.9	1.0	128	65536	0.999	0.07	1.0	2	google/vit-base-patch16-224-in21k	vit-b16	0	10	FSCIT	False	100	15	8	2	3	LoRA	5	0	6	[0, 1, 2, 3, 4, 5, 6, 7, 8, 9, 10, 11]	0	0.5	-1	1.0	False	False	True	False	1	1	10	10	checkpoint/eurosat_contrast_and_calibration	[224, 224]
56.14	62.89	62.18	0.01	[100.0, 96.34, 83.19, 73.12, 67.77, 61.08, 56.14, 56.14, 56.14, 56.14]	[nan, 99.94, 88.96, 88.88, 77.57, 74.58, 67.11, 65.76, 61.23, 62.89]	[100.0, 98.04, 87.11, 84.91, 75.57, 72.18, 65.41, 64.47, 60.62, 62.18]	[0.0, 0.04, 0.02, 0.06, 0.01, 0.04, 0.01, 0.03, 0.03, 0.01]	eurosat_contrast_and_calibration	eurosat	./data	contrast_and_calibration	64	50	0.1	Cosine	[60, 70]	40	0.0005	0.9	1.0	128	65536	0.999	0.07	1.0	2	google/vit-base-patch16-224-in21k	vit-b16	0	10	FSCIT	False	100	15	8	2	3	LoRA	5	0	11	[0, 1, 2, 3, 4, 5, 6, 7, 8, 9, 10, 11]	0	0.001	-1	1.0	False	False	True	False	1	1	10	10	checkpoint/eurosat_contrast_and_calibration	[224, 224]
56.48	62.87	62.19	0.0	[100.0, 96.34, 83.25, 73.24, 67.89, 61.2, 56.48, 56.48, 56.48, 56.48]	[nan, 99.83, 88.88, 88.82, 77.51, 74.56, 67.11, 65.74, 61.21, 62.87]	[100.0, 97.99, 87.08, 84.9, 75.55, 72.18, 65.46, 64.5, 60.65, 62.19]	[0.0, 0.0, 0.0, 0.02, 0.0, 0.01, 0.01, 0.01, 0.01, 0.0]	eurosat_contrast_and_calibration	eurosat	./data	contrast_and_calibration	64	50	0.1	Cosine	[60, 70]	40	0.0005	0.9	1.0	128	65536	0.999	0.07	1.0	2	google/vit-base-patch16-224-in21k	vit-b16	0	10	FSCIT	False	100	15	8	2	3	LoRA	5	0	6	[0, 1, 2, 3, 4, 5, 6, 7, 8, 9, 10, 11]	25	0.001	-1	1.0	False	False	True	False	1	1	10	10	checkpoint/eurosat_contrast_and_calibration	[224, 224]
56.43	62.88	62.19	0.01	[100.0, 96.34, 83.19, 73.24, 67.83, 61.26, 56.43, 56.43, 56.43, 56.43]	[nan, 99.83, 88.91, 88.84, 77.53, 74.55, 67.09, 65.75, 61.23, 62.88]	[100.0, 97.99, 87.08, 84.91, 75.55, 72.18, 65.43, 64.5, 60.65, 62.19]	[0.0, 0.0, 0.04, 0.03, 0.03, 0.06, 0.03, 0.01, 0.01, 0.01]	eurosat_contrast_and_calibration	eurosat	./data	contrast_and_calibration	64	50	0.1	Cosine	[60, 70]	40	0.0005	0.9	1.0	128	65536	0.999	0.07	1.0	2	google/vit-base-patch16-224-in21k	vit-b16	0	10	FSCIT	False	100	15	8	2	3	LoRA	5	0	9	[0, 1, 2, 3, 4, 5, 6, 7, 8, 9, 10, 11]	25	0.5	-1	1.0	False	False	True	False	1	1	10	10	checkpoint/eurosat_contrast_and_calibration	[224, 224]
0.0	57.96	51.81	6.88	[100.0, 0.0, 0.0, 0.0, 0.0, 0.0, 0.0, 0.0, 0.0, 0.0]	[nan, 100.0, 81.16, 83.31, 77.21, 73.89, 68.35, 62.69, 56.14, 57.96]	[100.0, 50.62, 55.06, 62.45, 61.36, 60.64, 57.77, 54.34, 49.44, 51.81]	[0.0, 0.0, 7.75, 6.49, 3.2, 3.59, 1.63, 6.44, 6.32, 6.88]	eurosat_contrast_and_calibration	eurosat	./data	contrast_and_calibration	64	50	0.1	Cosine	[60, 70]	40	0.0005	0.9	1.0	128	65536	0.999	0.07	1.0	2	google/vit-base-patch16-224-in21k	vit-b16	0	10	FSCIT	False	100	15	8	2	3	LoRA	5	0	3	[0, 1, 2, 3, 4, 5, 6, 7, 8, 9, 10, 11]	0	0.5	-1	1.0	False	False	True	False	1	1	10	10	checkpoint/eurosat_contrast_and_calibration	[224, 224]
40.26	64.08	61.55	0.07	[100.0, 89.12, 70.97, 56.02, 53.52, 46.07, 40.49, 40.26, 40.26, 40.26]	[nan, 100.0, 89.05, 89.2, 78.62, 75.67, 68.24, 67.42, 62.5, 64.08]	[100.0, 94.63, 83.23, 80.85, 73.46, 70.38, 63.93, 63.8, 59.84, 61.55]	[0.0, 0.92, 1.14, 0.87, 0.56, 0.45, 0.34, 0.11, 0.09, 0.07]	eurosat_contrast_and_calibration	eurosat	./data	contrast_and_calibration	64	50	0.1	Cosine	[60, 70]	40	0.0005	0.9	1.0	128	65536	0.999	0.07	1.0	2	google/vit-base-patch16-224-in21k	vit-b16	0	10	FSCIT	False	100	15	8	2	3	LoRA	5	0	11	[0, 1, 2, 3, 4, 5, 6, 7, 8, 9, 10, 11]	0	0.1	-1	1.0	False	False	True	False	1	1	10	10	checkpoint/eurosat_contrast_and_calibration	[224, 224]
56.37	62.92	62.22	0.02	[100.0, 96.34, 83.25, 73.12, 67.83, 61.08, 56.37, 56.37, 56.37, 56.37]	[nan, 99.83, 88.96, 88.88, 77.57, 74.61, 67.13, 65.78, 61.25, 62.92]	[100.0, 97.99, 87.13, 84.91, 75.58, 72.2, 65.46, 64.52, 60.67, 62.22]	[0.0, 0.0, 0.0, 0.03, 0.0, 0.03, 0.03, 0.02, 0.01, 0.02]	eurosat_contrast_and_calibration	eurosat	./data	contrast_and_calibration	64	50	0.1	Cosine	[60, 70]	40	0.0005	0.9	1.0	128	65536	0.999	0.07	1.0	2	google/vit-base-patch16-224-in21k	vit-b16	0	10	FSCIT	False	100	15	8	2	3	LoRA	5	0	9	[0, 1, 2, 3, 4, 5, 6, 7, 8, 9, 10, 11]	25	0.01	-1	1.0	False	False	True	False	1	1	10	10	checkpoint/eurosat_contrast_and_calibration	[224, 224]
54.45	63.0	62.09	0.03	[100.0, 96.22, 82.67, 71.73, 66.61, 59.63, 54.45, 54.45, 54.45, 54.45]	[nan, 100.0, 89.13, 89.02, 77.77, 74.69, 67.2, 65.91, 61.35, 63.0]	[100.0, 98.02, 87.06, 84.66, 75.49, 72.0, 65.23, 64.38, 60.53, 62.09]	[0.0, 0.04, 0.03, 0.02, 0.05, 0.02, 0.02, 0.02, 0.04, 0.03]	eurosat_contrast_and_calibration	eurosat	./data	contrast_and_calibration	64	50	0.1	Cosine	[60, 70]	40	0.0005	0.9	1.0	128	65536	0.999	0.07	1.0	2	google/vit-base-patch16-224-in21k	vit-b16	0	10	FSCIT	False	100	15	8	2	3	LoRA	5	0	11	[0, 1, 2, 3, 4, 5, 6, 7, 8, 9, 10, 11]	0	0.01	-1	1.0	False	False	True	False	1	1	10	10	checkpoint/eurosat_contrast_and_calibration	[224, 224]
56.37	62.86	62.18	0.02	[100.0, 96.34, 83.25, 73.24, 67.83, 61.08, 56.37, 56.37, 56.37, 56.37]	[nan, 99.83, 88.91, 88.84, 77.53, 74.56, 67.12, 65.74, 61.2, 62.86]	[100.0, 97.99, 87.1, 84.91, 75.55, 72.16, 65.45, 64.49, 60.63, 62.18]	[0.0, 0.0, 0.02, 0.0, 0.0, 0.04, 0.04, 0.03, 0.02, 0.02]	eurosat_contrast_and_calibration	eurosat	./data	contrast_and_calibration	64	50	0.1	Cosine	[60, 70]	40	0.0005	0.9	1.0	128	65536	0.999	0.07	1.0	2	google/vit-base-patch16-224-in21k	vit-b16	0	10	FSCIT	False	100	15	8	2	3	LoRA	5	0	11	[0, 1, 2, 3, 4, 5, 6, 7, 8, 9, 10, 11]	25	0.5	-1	1.0	False	False	True	False	1	1	10	10	checkpoint/eurosat_contrast_and_calibration	[224, 224]
56.2	62.89	62.17	0.03	[100.0, 96.34, 83.01, 73.0, 67.65, 60.91, 56.2, 56.2, 56.2, 56.2]	[nan, 99.83, 88.91, 88.84, 77.53, 74.57, 67.11, 65.75, 61.22, 62.89]	[100.0, 97.99, 87.02, 84.85, 75.51, 72.14, 65.41, 64.47, 60.62, 62.17]	[0.0, 0.0, 0.04, 0.05, 0.03, 0.06, 0.06, 0.04, 0.03, 0.03]	eurosat_contrast_and_calibration	eurosat	./data	contrast_and_calibration	64	50	0.1	Cosine	[60, 70]	40	0.0005	0.9	1.0	128	65536	0.999	0.07	1.0	2	google/vit-base-patch16-224-in21k	vit-b16	0	10	FSCIT	False	100	15	8	2	3	LoRA	5	0	9	[0, 1, 2, 3, 4, 5, 6, 7, 8, 9, 10, 11]	25	0.1	-1	1.0	False	False	True	False	1	1	10	10	checkpoint/eurosat_contrast_and_calibration	[224, 224]
54.51	62.98	62.08	0.04	[100.0, 96.22, 82.67, 71.73, 66.84, 59.75, 54.51, 54.51, 54.51, 54.51]	[nan, 100.0, 89.02, 88.92, 77.74, 74.66, 67.16, 65.89, 61.33, 62.98]	[100.0, 98.02, 86.98, 84.59, 75.51, 72.0, 65.2, 64.37, 60.52, 62.08]	[0.0, 0.04, 0.05, 0.02, 0.07, 0.0, 0.01, 0.04, 0.05, 0.04]	eurosat_contrast_and_calibration	eurosat	./data	contrast_and_calibration	64	50	0.1	Cosine	[60, 70]	40	0.0005	0.9	1.0	128	65536	0.999	0.07	1.0	2	google/vit-base-patch16-224-in21k	vit-b16	0	10	FSCIT	False	100	15	8	2	3	LoRA	5	0	6	[0, 1, 2, 3, 4, 5, 6, 7, 8, 9, 10, 11]	0	0.01	-1	1.0	False	False	True	False	1	1	10	10	checkpoint/eurosat_contrast_and_calibration	[224, 224]
56.25	62.84	62.14	0.02	[100.0, 96.34, 83.25, 73.24, 67.89, 61.14, 56.25, 56.25, 56.25, 56.25]	[nan, 99.89, 88.91, 88.84, 77.51, 74.53, 67.08, 65.72, 61.18, 62.84]	[100.0, 98.02, 87.1, 84.91, 75.55, 72.15, 65.4, 64.46, 60.59, 62.14]	[0.0, 0.04, 0.02, 0.03, 0.0, 0.03, 0.02, 0.02, 0.03, 0.02]	eurosat_contrast_and_calibration	eurosat	./data	contrast_and_calibration	64	50	0.1	Cosine	[60, 70]	40	0.0005	0.9	1.0	128	65536	0.999	0.07	1.0	2	google/vit-base-patch16-224-in21k	vit-b16	0	10	FSCIT	False	100	15	8	2	3	LoRA	5	0	9	[0, 1, 2, 3, 4, 5, 6, 7, 8, 9, 10, 11]	0	0.001	-1	1.0	False	False	True	False	1	1	10	10	checkpoint/eurosat_contrast_and_calibration	[224, 224]
44.09	63.55	61.48	0.19	[100.0, 91.5, 75.1, 61.6, 57.47, 50.15, 44.15, 44.09, 44.09, 44.09]	[nan, 100.0, 89.02, 89.04, 78.19, 75.07, 67.69, 66.74, 61.92, 63.55]	[100.0, 95.76, 84.56, 82.14, 73.95, 70.62, 64.04, 63.72, 59.79, 61.48]	[0.0, 1.27, 1.51, 1.35, 0.97, 0.58, 0.34, 0.23, 0.27, 0.19]	eurosat_contrast_and_calibration	eurosat	./data	contrast_and_calibration	64	50	0.1	Cosine	[60, 70]	40	0.0005	0.9	1.0	128	65536	0.999	0.07	1.0	2	google/vit-base-patch16-224-in21k	vit-b16	0	10	FSCIT	False	100	15	8	2	3	LoRA	5	0	6	[0, 1, 2, 3, 4, 5, 6, 7, 8, 9, 10, 11]	0	0.1	-1	1.0	False	False	True	False	1	1	10	10	checkpoint/eurosat_contrast_and_calibration	[224, 224]
0.0	53.57	47.88	3.33	[100.0, 2.62, 0.17, 0.0, 0.0, 0.0, 0.0, 0.0, 0.0, 0.0]	[nan, 100.0, 84.37, 79.14, 73.18, 69.35, 62.58, 59.18, 54.2, 53.57]	[100.0, 51.87, 57.3, 59.34, 58.17, 56.93, 52.91, 51.3, 47.73, 47.88]	[0.0, 1.77, 2.99, 4.58, 2.01, 0.83, 2.03, 2.71, 2.21, 3.33]	eurosat_contrast_and_calibration	eurosat	./data	contrast_and_calibration	64	50	0.1	Cosine	[60, 70]	40	0.0005	0.9	1.0	128	65536	0.999	0.07	1.0	2	google/vit-base-patch16-224-in21k	vit-b16	0	10	FSCIT	False	100	15	8	2	3	LoRA	5	0	-1	[0, 1, 2, 3, 4, 5, 6, 7, 8, 9, 10, 11]	0	0.5	-1	1.0	False	False	True	False	1	1	10	10	checkpoint/eurosat_contrast_and_calibration	[224, 224]
56.19	62.87	62.16	0.02	[100.0, 96.34, 83.19, 73.12, 67.77, 60.97, 56.19, 56.19, 56.19, 56.19]	[nan, 99.89, 88.91, 88.84, 77.53, 74.58, 67.1, 65.73, 61.2, 62.87]	[100.0, 98.02, 87.08, 84.88, 75.54, 72.16, 65.41, 64.46, 60.61, 62.16]	[0.0, 0.04, 0.0, 0.04, 0.02, 0.02, 0.01, 0.01, 0.02, 0.02]	eurosat_contrast_and_calibration	eurosat	./data	contrast_and_calibration	64	50	0.1	Cosine	[60, 70]	40	0.0005	0.9	1.0	128	65536	0.999	0.07	1.0	2	google/vit-base-patch16-224-in21k	vit-b16	0	10	FSCIT	False	100	15	8	2	3	LoRA	5	0	-1	[0, 1, 2, 3, 4, 5, 6, 7, 8, 9, 10, 11]	25	0.5	-1	1.0	False	False	True	False	1	1	10	10	checkpoint/eurosat_contrast_and_calibration	[224, 224]
37.93	63.94	61.18	0.57	[100.0, 86.85, 67.07, 51.43, 48.98, 42.93, 38.04, 37.93, 37.93, 37.93]	[nan, 100.0, 88.94, 88.86, 78.55, 75.37, 67.86, 67.4, 62.35, 63.94]	[100.0, 93.48, 81.89, 79.46, 72.49, 69.59, 63.25, 63.47, 59.44, 61.18]	[0.0, 1.75, 2.94, 1.48, 0.72, 0.57, 0.43, 0.45, 0.67, 0.57]	eurosat_contrast_and_calibration	eurosat	./data	contrast_and_calibration	64	50	0.1	Cosine	[60, 70]	40	0.0005	0.9	1.0	128	65536	0.999	0.07	1.0	2	google/vit-base-patch16-224-in21k	vit-b16	0	10	FSCIT	False	100	15	8	2	3	LoRA	5	0	3	[0, 1, 2, 3, 4, 5, 6, 7, 8, 9, 10, 11]	0	0.1	-1	1.0	False	False	True	False	1	1	10	10	checkpoint/eurosat_contrast_and_calibration	[224, 224]
56.2	62.87	62.16	0.02	[100.0, 96.34, 83.13, 72.95, 67.77, 60.91, 56.2, 56.2, 56.2, 56.2]	[nan, 99.83, 88.77, 88.76, 77.49, 74.48, 67.04, 65.71, 61.21, 62.87]	[100.0, 97.99, 86.97, 84.78, 75.51, 72.07, 65.36, 64.44, 60.61, 62.16]	[0.0, 0.0, 0.12, 0.12, 0.05, 0.13, 0.11, 0.07, 0.02, 0.02]	eurosat_contrast_and_calibration	eurosat	./data	contrast_and_calibration	64	50	0.1	Cosine	[60, 70]	40	0.0005	0.9	1.0	128	65536	0.999	0.07	1.0	2	google/vit-base-patch16-224-in21k	vit-b16	0	10	FSCIT	False	100	15	8	2	3	LoRA	5	0	6	[0, 1, 2, 3, 4, 5, 6, 7, 8, 9, 10, 11]	25	0.5	-1	1.0	False	False	True	False	1	1	10	10	checkpoint/eurosat_contrast_and_calibration	[224, 224]
56.48	62.82	62.16	0.01	[100.0, 96.34, 83.31, 73.3, 67.89, 61.32, 56.48, 56.48, 56.48, 56.48]	[nan, 99.89, 88.85, 88.8, 77.48, 74.55, 67.06, 65.7, 61.16, 62.82]	[100.0, 98.02, 87.08, 84.9, 75.52, 72.19, 65.43, 64.47, 60.61, 62.16]	[0.0, 0.04, 0.12, 0.08, 0.04, 0.04, 0.04, 0.0, 0.01, 0.01]	eurosat_contrast_and_calibration	eurosat	./data	contrast_and_calibration	64	50	0.1	Cosine	[60, 70]	40	0.0005	0.9	1.0	128	65536	0.999	0.07	1.0	2	google/vit-base-patch16-224-in21k	vit-b16	0	10	FSCIT	False	100	15	8	2	3	LoRA	5	0	3	[0, 1, 2, 3, 4, 5, 6, 7, 8, 9, 10, 11]	25	0.5	-1	1.0	False	False	True	False	1	1	10	10	checkpoint/eurosat_contrast_and_calibration	[224, 224]
54.57	62.88	62.0	0.05	[100.0, 96.22, 82.9, 71.84, 66.26, 59.8, 54.63, 54.57, 54.57, 54.57]	[nan, 100.0, 89.08, 89.02, 77.68, 74.58, 67.1, 65.74, 61.24, 62.88]	[100.0, 98.02, 87.1, 84.69, 75.35, 71.95, 65.16, 64.25, 60.44, 62.0]	[0.0, 0.04, 0.22, 0.16, 0.09, 0.09, 0.05, 0.05, 0.06, 0.05]	eurosat_contrast_and_calibration	eurosat	./data	contrast_and_calibration	64	50	0.1	Cosine	[60, 70]	40	0.0005	0.9	1.0	128	65536	0.999	0.07	1.0	2	google/vit-base-patch16-224-in21k	vit-b16	0	10	FSCIT	False	100	15	8	2	3	LoRA	5	0	3	[0, 1, 2, 3, 4, 5, 6, 7, 8, 9, 10, 11]	0	0.01	-1	1.0	False	False	True	False	1	1	10	10	checkpoint/eurosat_contrast_and_calibration	[224, 224]
55.73	62.76	62.01	0.1	[100.0, 95.93, 83.01, 72.6, 67.54, 60.91, 55.79, 55.73, 55.73, 55.73]	[nan, 100.0, 88.68, 88.78, 77.66, 74.66, 67.02, 65.66, 61.08, 62.76]	[100.0, 97.88, 86.88, 84.71, 75.6, 72.21, 65.28, 64.33, 60.44, 62.01]	[0.0, 0.22, 0.28, 0.34, 0.13, 0.24, 0.11, 0.03, 0.08, 0.1]	eurosat_contrast_and_calibration	eurosat	./data	contrast_and_calibration	64	50	0.1	Cosine	[60, 70]	40	0.0005	0.9	1.0	128	65536	0.999	0.07	1.0	2	google/vit-base-patch16-224-in21k	vit-b16	0	10	FSCIT	False	100	15	8	2	3	LoRA	5	0	-1	[0, 1, 2, 3, 4, 5, 6, 7, 8, 9, 10, 11]	0	0.01	-1	1.0	False	False	True	False	1	1	10	10	checkpoint/eurosat_contrast_and_calibration	[224, 224]
56.43	62.85	62.17	0.02	[100.0, 96.34, 83.25, 73.3, 67.89, 61.26, 56.43, 56.43, 56.43, 56.43]	[nan, 99.83, 88.88, 88.82, 77.49, 74.55, 67.08, 65.72, 61.19, 62.85]	[100.0, 97.99, 87.08, 84.91, 75.53, 72.18, 65.42, 64.48, 60.62, 62.17]	[0.0, 0.0, 0.04, 0.03, 0.03, 0.01, 0.04, 0.01, 0.02, 0.02]	eurosat_contrast_and_calibration	eurosat	./data	contrast_and_calibration	64	50	0.1	Cosine	[60, 70]	40	0.0005	0.9	1.0	128	65536	0.999	0.07	1.0	2	google/vit-base-patch16-224-in21k	vit-b16	0	10	FSCIT	False	100	15	8	2	3	LoRA	5	0	9	[0, 1, 2, 3, 4, 5, 6, 7, 8, 9, 10, 11]	25	0.001	-1	1.0	False	False	True	False	1	1	10	10	checkpoint/eurosat_contrast_and_calibration	[224, 224]
56.43	62.86	62.18	0.01	[100.0, 96.34, 83.25, 73.3, 67.89, 61.14, 56.43, 56.43, 56.43, 56.43]	[nan, 99.89, 88.88, 88.82, 77.51, 74.57, 67.11, 65.74, 61.2, 62.86]	[100.0, 98.02, 87.08, 84.91, 75.55, 72.18, 65.45, 64.5, 60.63, 62.18]	[0.0, 0.04, 0.04, 0.03, 0.03, 0.03, 0.02, 0.01, 0.01, 0.01]	eurosat_contrast_and_calibration	eurosat	./data	contrast_and_calibration	64	50	0.1	Cosine	[60, 70]	40	0.0005	0.9	1.0	128	65536	0.999	0.07	1.0	2	google/vit-base-patch16-224-in21k	vit-b16	0	10	FSCIT	False	100	15	8	2	3	LoRA	5	0	-1	[0, 1, 2, 3, 4, 5, 6, 7, 8, 9, 10, 11]	25	0.1	-1	1.0	False	False	True	False	1	1	10	10	checkpoint/eurosat_contrast_and_calibration	[224, 224]
56.43	62.87	62.19	0.0	[100.0, 96.34, 83.19, 73.24, 67.83, 61.2, 56.43, 56.43, 56.43, 56.43]	[nan, 99.83, 88.93, 88.86, 77.54, 74.57, 67.11, 65.74, 61.2, 62.87]	[100.0, 97.99, 87.1, 84.92, 75.56, 72.19, 65.45, 64.5, 60.63, 62.19]	[0.0, 0.0, 0.02, 0.02, 0.01, 0.0, 0.02, 0.01, 0.01, 0.0]	eurosat_contrast_and_calibration	eurosat	./data	contrast_and_calibration	64	50	0.1	Cosine	[60, 70]	40	0.0005	0.9	1.0	128	65536	0.999	0.07	1.0	2	google/vit-base-patch16-224-in21k	vit-b16	0	10	FSCIT	False	100	15	8	2	3	LoRA	5	0	-1	[0, 1, 2, 3, 4, 5, 6, 7, 8, 9, 10, 11]	25	0.01	-1	1.0	False	False	True	False	1	1	10	10	checkpoint/eurosat_contrast_and_calibration	[224, 224]
56.48	62.84	62.17	0.02	[100.0, 96.34, 83.25, 73.24, 67.83, 61.2, 56.48, 56.48, 56.48, 56.48]	[nan, 99.83, 88.88, 88.82, 77.51, 74.56, 67.08, 65.73, 61.18, 62.84]	[100.0, 97.99, 87.08, 84.9, 75.53, 72.18, 65.43, 64.5, 60.62, 62.17]	[0.0, 0.0, 0.04, 0.04, 0.03, 0.03, 0.02, 0.01, 0.02, 0.02]	eurosat_contrast_and_calibration	eurosat	./data	contrast_and_calibration	64	50	0.1	Cosine	[60, 70]	40	0.0005	0.9	1.0	128	65536	0.999	0.07	1.0	2	google/vit-base-patch16-224-in21k	vit-b16	0	10	FSCIT	False	100	15	8	2	3	LoRA	5	0	-1	[0, 1, 2, 3, 4, 5, 6, 7, 8, 9, 10, 11]	25	0.001	-1	1.0	False	False	True	False	1	1	10	10	checkpoint/eurosat_contrast_and_calibration	[224, 224]
56.54	62.85	62.19	0.01	[100.0, 96.34, 83.25, 73.24, 67.89, 61.32, 56.54, 56.54, 56.54, 56.54]	[nan, 99.83, 88.85, 88.8, 77.49, 74.55, 67.09, 65.72, 61.19, 62.85]	[100.0, 97.99, 87.06, 84.88, 75.54, 72.19, 65.45, 64.5, 60.64, 62.19]	[0.0, 0.0, 0.03, 0.02, 0.02, 0.0, 0.02, 0.03, 0.02, 0.01]	eurosat_contrast_and_calibration	eurosat	./data	contrast_and_calibration	64	50	0.1	Cosine	[60, 70]	40	0.0005	0.9	1.0	128	65536	0.999	0.07	1.0	2	google/vit-base-patch16-224-in21k	vit-b16	0	10	FSCIT	False	100	15	8	2	3	LoRA	5	0	3	[0, 1, 2, 3, 4, 5, 6, 7, 8, 9, 10, 11]	25	0.1	-1	1.0	False	False	True	False	1	1	10	10	checkpoint/eurosat_contrast_and_calibration	[224, 224]
41.01	64.01	61.58	0.15	[100.0, 89.59, 71.26, 56.66, 53.87, 46.95, 41.19, 41.01, 41.01, 41.01]	[nan, 100.0, 88.88, 89.02, 78.51, 75.56, 68.1, 67.37, 62.44, 64.01]	[100.0, 94.85, 83.23, 80.89, 73.45, 70.45, 63.92, 63.86, 59.89, 61.58]	[0.0, 1.1, 1.46, 1.24, 0.74, 0.54, 0.43, 0.22, 0.2, 0.15]	eurosat_contrast_and_calibration	eurosat	./data	contrast_and_calibration	64	50	0.1	Cosine	[60, 70]	40	0.0005	0.9	1.0	128	65536	0.999	0.07	1.0	2	google/vit-base-patch16-224-in21k	vit-b16	0	10	FSCIT	False	100	15	8	2	3	LoRA	5	0	9	[0, 1, 2, 3, 4, 5, 6, 7, 8, 9, 10, 11]	0	0.1	-1	1.0	False	False	True	False	1	1	10	10	checkpoint/eurosat_contrast_and_calibration	[224, 224]
0.0	62.85	56.18	2.17	[100.0, 1.16, 0.12, 0.06, 0.06, 0.0, 0.0, 0.0, 0.0, 0.0]	[nan, 100.0, 88.96, 87.39, 80.54, 77.96, 69.12, 67.01, 60.47, 62.85]	[100.0, 51.24, 60.36, 65.49, 64.02, 63.98, 58.41, 58.07, 53.25, 56.18]	[0.0, 0.81, 0.21, 0.72, 0.28, 0.21, 0.46, 2.17, 2.44, 2.17]	eurosat_contrast_and_calibration	eurosat	./data	contrast_and_calibration	64	50	0.1	Cosine	[60, 70]	40	0.0005	0.9	1.0	128	65536	0.999	0.07	1.0	2	google/vit-base-patch16-224-in21k	vit-b16	0	10	FSCIT	False	100	15	8	2	3	LoRA	5	0	11	[0, 1, 2, 3, 4, 5, 6, 7, 8, 9, 10, 11]	0	0.5	-1	1.0	False	False	True	False	1	1	10	10	checkpoint/eurosat_contrast_and_calibration	[224, 224]
56.08	62.8	62.09	0.05	[100.0, 96.34, 83.19, 73.12, 67.77, 60.91, 56.08, 56.08, 56.08, 56.08]	[nan, 99.83, 88.8, 88.76, 77.46, 74.52, 67.03, 65.67, 61.15, 62.8]	[100.0, 97.99, 87.0, 84.82, 75.49, 72.1, 65.33, 64.39, 60.55, 62.09]	[0.0, 0.0, 0.07, 0.04, 0.06, 0.08, 0.07, 0.06, 0.06, 0.05]	eurosat_contrast_and_calibration	eurosat	./data	contrast_and_calibration	64	50	0.1	Cosine	[60, 70]	40	0.0005	0.9	1.0	128	65536	0.999	0.07	1.0	2	google/vit-base-patch16-224-in21k	vit-b16	0	10	FSCIT	False	100	15	8	2	3	LoRA	5	0	6	[0, 1, 2, 3, 4, 5, 6, 7, 8, 9, 10, 11]	25	0.1	-1	1.0	False	False	True	False	1	1	10	10	checkpoint/eurosat_contrast_and_calibration	[224, 224]
0.0	59.82	53.47	2.97	[100.0, 1.69, 0.7, 0.17, 0.17, 0.12, 0.12, 0.12, 0.12, 0.0]	[nan, 100.0, 87.76, 86.23, 79.25, 75.75, 67.48, 64.31, 57.02, 59.82]	[100.0, 51.46, 59.77, 64.69, 63.03, 62.2, 57.04, 55.75, 50.23, 53.47]	[0.0, 0.81, 0.05, 1.04, 0.59, 1.41, 1.22, 3.46, 3.22, 2.97]	eurosat_contrast_and_calibration	eurosat	./data	contrast_and_calibration	64	50	0.1	Cosine	[60, 70]	40	0.0005	0.9	1.0	128	65536	0.999	0.07	1.0	2	google/vit-base-patch16-224-in21k	vit-b16	0	10	FSCIT	False	100	15	8	2	3	LoRA	5	0	9	[0, 1, 2, 3, 4, 5, 6, 7, 8, 9, 10, 11]	0	0.5	-1	1.0	False	False	True	False	1	1	10	10	checkpoint/eurosat_contrast_and_calibration	[224, 224]
54.1	62.97	62.02	0.04	[100.0, 96.22, 82.61, 71.55, 66.38, 59.11, 54.1, 54.1, 54.1, 54.1]	[nan, 100.0, 89.16, 89.02, 77.77, 74.66, 67.17, 65.89, 61.31, 62.97]	[100.0, 98.02, 87.06, 84.62, 75.44, 71.89, 65.14, 64.31, 60.45, 62.02]	[0.0, 0.04, 0.03, 0.02, 0.05, 0.07, 0.07, 0.04, 0.04, 0.04]	eurosat_contrast_and_calibration	eurosat	./data	contrast_and_calibration	64	50	0.1	Cosine	[60, 70]	40	0.0005	0.9	1.0	128	65536	0.999	0.07	1.0	2	google/vit-base-patch16-224-in21k	vit-b16	0	10	FSCIT	False	100	15	8	2	3	LoRA	5	0	9	[0, 1, 2, 3, 4, 5, 6, 7, 8, 9, 10, 11]	0	0.01	-1	1.0	False	False	True	False	1	1	10	10	checkpoint/eurosat_contrast_and_calibration	[224, 224]
56.43	62.84	62.16	0.02	[100.0, 96.34, 83.31, 73.18, 67.89, 61.32, 56.43, 56.43, 56.43, 56.43]	[nan, 99.89, 88.85, 88.8, 77.48, 74.55, 67.08, 65.71, 61.18, 62.84]	[100.0, 98.02, 87.08, 84.87, 75.53, 72.19, 65.42, 64.47, 60.61, 62.16]	[0.0, 0.04, 0.0, 0.04, 0.03, 0.0, 0.02, 0.03, 0.02, 0.02]	eurosat_contrast_and_calibration	eurosat	./data	contrast_and_calibration	64	50	0.1	Cosine	[60, 70]	40	0.0005	0.9	1.0	128	65536	0.999	0.07	1.0	2	google/vit-base-patch16-224-in21k	vit-b16	0	10	FSCIT	False	100	15	8	2	3	LoRA	5	0	3	[0, 1, 2, 3, 4, 5, 6, 7, 8, 9, 10, 11]	0	0.001	-1	1.0	False	False	True	False	1	1	10	10	checkpoint/eurosat_contrast_and_calibration	[224, 224]
27.63	62.67	58.95	0.74	[100.0, 73.94, 54.28, 39.97, 37.87, 33.04, 27.81, 27.69, 27.69, 27.63]	[nan, 100.0, 89.41, 89.37, 80.58, 74.15, 65.83, 64.9, 60.94, 62.67]	[100.0, 87.08, 78.15, 77.01, 71.84, 66.81, 59.95, 59.95, 56.97, 58.95]	[0.0, 8.0, 5.95, 4.15, 2.29, 2.99, 2.82, 2.08, 0.7, 0.74]	eurosat_contrast_and_calibration	eurosat	./data	contrast_and_calibration	64	50	0.1	Cosine	[60, 70]	40	0.0005	0.9	1.0	128	65536	0.999	0.07	1.0	2	google/vit-base-patch16-224-in21k	vit-b16	0	10	FSCIT	False	100	15	8	2	3	LoRA	5	0	-1	[0, 1, 2, 3, 4, 5, 6, 7, 8, 9, 10, 11]	0	0.1	-1	1.0	False	False	True	False	1	1	10	10	checkpoint/eurosat_contrast_and_calibration	[224, 224]
56.26	62.86	62.16	0.02	[100.0, 96.34, 83.25, 73.3, 67.89, 61.03, 56.26, 56.26, 56.26, 56.26]	[nan, 99.83, 88.85, 88.8, 77.49, 74.55, 67.1, 65.73, 61.2, 62.86]	[100.0, 97.99, 87.06, 84.9, 75.54, 72.14, 65.41, 64.47, 60.61, 62.16]	[0.0, 0.0, 0.03, 0.02, 0.02, 0.04, 0.03, 0.02, 0.02, 0.02]	eurosat_contrast_and_calibration	eurosat	./data	contrast_and_calibration	64	50	0.1	Cosine	[60, 70]	40	0.0005	0.9	1.0	128	65536	0.999	0.07	1.0	2	google/vit-base-patch16-224-in21k	vit-b16	0	10	FSCIT	False	100	15	8	2	3	LoRA	5	0	11	[0, 1, 2, 3, 4, 5, 6, 7, 8, 9, 10, 11]	25	0.01	-1	1.0	False	False	True	False	1	1	10	10	checkpoint/eurosat_contrast_and_calibration	[224, 224]
56.19	62.8	62.1	0.09	[100.0, 96.34, 83.31, 73.01, 67.83, 61.02, 56.19, 56.19, 56.19, 56.19]	[nan, 99.94, 88.82, 88.78, 77.48, 74.53, 67.04, 65.68, 61.13, 62.8]	[100.0, 98.04, 87.06, 84.81, 75.51, 72.13, 65.36, 64.41, 60.54, 62.1]	[0.0, 0.04, 0.03, 0.05, 0.03, 0.02, 0.03, 0.07, 0.1, 0.09]	eurosat_contrast_and_calibration	eurosat	./data	contrast_and_calibration	64	50	0.1	Cosine	[60, 70]	40	0.0005	0.9	1.0	128	65536	0.999	0.07	1.0	2	google/vit-base-patch16-224-in21k	vit-b16	0	10	FSCIT	False	100	15	8	2	3	LoRA	5	0	-1	[0, 1, 2, 3, 4, 5, 6, 7, 8, 9, 10, 11]	0	0.001	-1	1.0	False	False	True	False	1	1	10	10	checkpoint/eurosat_contrast_and_calibration	[224, 224]
56.48	62.83	62.16	0.01	[100.0, 96.34, 83.25, 73.3, 67.95, 61.2, 56.48, 56.48, 56.48, 56.48]	[nan, 99.83, 88.83, 88.78, 77.45, 74.51, 67.05, 65.71, 61.17, 62.83]	[100.0, 97.99, 87.04, 84.88, 75.51, 72.14, 65.41, 64.48, 60.61, 62.16]	[0.0, 0.0, 0.03, 0.02, 0.03, 0.01, 0.01, 0.01, 0.01, 0.01]	eurosat_contrast_and_calibration	eurosat	./data	contrast_and_calibration	64	50	0.1	Cosine	[60, 70]	40	0.0005	0.9	1.0	128	65536	0.999	0.07	1.0	2	google/vit-base-patch16-224-in21k	vit-b16	0	10	FSCIT	False	100	15	8	2	3	LoRA	5	0	3	[0, 1, 2, 3, 4, 5, 6, 7, 8, 9, 10, 11]	25	0.01	-1	1.0	False	False	True	False	1	1	10	10	checkpoint/eurosat_contrast_and_calibration	[224, 224]
56.08	62.9	62.17	0.03	[100.0, 96.34, 83.19, 73.12, 67.83, 60.97, 56.08, 56.08, 56.08, 56.08]	[nan, 100.0, 88.91, 88.84, 77.53, 74.59, 67.13, 65.77, 61.24, 62.9]	[100.0, 98.07, 87.08, 84.88, 75.55, 72.16, 65.41, 64.47, 60.63, 62.17]	[0.0, 0.0, 0.0, 0.02, 0.0, 0.02, 0.03, 0.04, 0.03, 0.03]	eurosat_contrast_and_calibration	eurosat	./data	contrast_and_calibration	64	50	0.1	Cosine	[60, 70]	40	0.0005	0.9	1.0	128	65536	0.999	0.07	1.0	2	google/vit-base-patch16-224-in21k	vit-b16	0	10	FSCIT	False	100	15	8	2	3	LoRA	5	0	6	[0, 1, 2, 3, 4, 5, 6, 7, 8, 9, 10, 11]	0	0.001	-1	1.0	False	False	True	False	1	1	10	10	checkpoint/eurosat_contrast_and_calibration	[224, 224]
