base_last	incremental_last	all_last	all_std_last	base	incremental	all	all_std	exp_name	dataset	dataroot	result_key	batch_size_base	epochs_base	lr_base	schedule	milestones	step	decay	momentum	ce_loss_factor	moco_dim	moco_k	moco_m	moco_t	moco_loss_factor	num_views	ce_loss_factor_incft	hf_model_checkpoint	encoder	num_mlp	shot	fsl_setup	incft	incft_layers	epochs_incremental	consistency_loss_factor	inc_ft_lr_factor	test_batch_size	eval_freq	num_workers	seed	num_seeds	pet_cls	rank	encoder_ft_start_layer	adapt_blocks	encoder_ft_start_epoch	encoder_lr_factor	limited_base_class	limited_base_samples	pet_on_teacher	update_base_classifier_with_prototypes	start_training_with_prototypes	add_bias_in_classifier	base_class	way	num_classes	sessions	save_path	size_crops
9.41	17.48	16.34	1.62	[27.23, 14.01, 12.11, 11.11, 10.71, 10.01, 9.61, 9.51, 9.41, 9.41]	[nan, 16.12, 11.84, 16.1, 19.68, 19.56, 17.43, 17.61, 16.85, 17.48]	[26.41, 15.63, 11.93, 17.96, 18.41, 17.97, 15.89, 16.55, 16.02, 16.34]	[0.29, 1.93, 2.07, 2.03, 2.21, 2.52, 2.46, 2.09, 1.98, 1.62]	fgvc_aircraft_cap_incft	fgvc_aircraft	./data	cap_incft	64	50	0.1	Cosine	[60, 70]	40	0.0005	0.9	1.0	128	65536	0.999	0.07	1.0	2	1.0	google/vit-base-patch16-224-in21k	vit-b16	0	10	FSCIT	True	classifier	1	1.0	1.0	100	15	8	2	3	LoRA	5	11	[0, 1, 2, 3, 4, 5, 6, 7, 8, 9, 10, 11]	0	0.1	-1	1.0	False	False	True	False	10	10	100	10	checkpoint/fgvc_aircraft_cap_incft	[224, 224]
14.81	17.2	16.63	1.51	[29.43, 15.61, 15.61, 15.41, 15.31, 15.21, 15.11, 15.01, 14.81, 14.81]	[nan, 13.82, 9.25, 14.7, 18.78, 18.82, 16.38, 17.19, 16.5, 17.2]	[29.45, 14.78, 11.37, 18.18, 18.58, 18.22, 15.75, 16.88, 16.31, 16.63]	[1.0, 0.92, 1.31, 1.34, 1.62, 1.93, 2.18, 1.83, 1.79, 1.51]	fgvc_aircraft_cap_incft	fgvc_aircraft	./data	cap_incft	64	50	0.1	Cosine	[60, 70]	40	0.0005	0.9	1.0	128	65536	0.999	0.07	1.0	2	1.0	google/vit-base-patch16-224-in21k	vit-b16	0	10	FSCIT	True	pet	1	1.0	1.0	100	15	8	2	3	LoRA	5	11	[0, 1, 2, 3, 4, 5, 6, 7, 8, 9, 10, 11]	0	0.1	-1	1.0	False	False	True	False	10	10	100	10	checkpoint/fgvc_aircraft_cap_incft	[224, 224]
6.41	18.78	17.2	2.1	[27.43, 7.01, 7.01, 6.81, 6.51, 6.51, 6.41, 6.41, 6.41, 6.41]	[nan, 19.72, 13.19, 17.67, 21.56, 21.42, 19.4, 19.3, 18.45, 18.78]	[26.94, 14.23, 11.13, 18.35, 19.05, 18.93, 17.08, 17.66, 17.11, 17.2]	[1.65, 1.49, 1.8, 2.32, 2.39, 2.79, 3.05, 2.55, 2.44, 2.1]	fgvc_aircraft_cap_incft	fgvc_aircraft	./data	cap_incft	64	50	0.1	Cosine	[60, 70]	40	0.0005	0.9	1.0	128	65536	0.999	0.07	1.0	2	1.0	google/vit-base-patch16-224-in21k	vit-b16	0	10	FSCIT	True	pet	5	1.0	1.0	100	15	8	2	3	LoRA	5	11	[0, 1, 2, 3, 4, 5, 6, 7, 8, 9, 10, 11]	0	0.1	-1	1.0	False	False	True	False	10	10	100	10	checkpoint/fgvc_aircraft_cap_incft	[224, 224]
0.0	21.42	18.92	0.18	[28.63, 0.0, 0.0, 0.0, 0.0, 0.0, 0.0, 0.0, 0.0, 0.0]	[nan, 27.73, 18.94, 22.27, 25.41, 25.25, 22.9, 22.23, 21.3, 21.42]	[27.4, 15.47, 12.63, 20.21, 20.86, 21.05, 19.11, 19.42, 18.93, 18.92]	[0.52, 0.09, 0.33, 0.12, 0.14, 0.07, 0.18, 0.09, 0.1, 0.18]	fgvc_aircraft_cap_incft	fgvc_aircraft	./data	cap_incft	64	50	0.1	Cosine	[60, 70]	40	0.0005	0.9	1.0	128	65536	0.999	0.07	1.0	2	1.0	google/vit-base-patch16-224-in21k	vit-b16	0	10	FSCIT	True	classifier+pet	3	1.0	1.0	100	15	8	2	3	LoRA	5	11	[0, 1, 2, 3, 4, 5, 6, 7, 8, 9, 10, 11]	0	0.1	-1	1.0	False	False	True	False	10	10	100	10	checkpoint/fgvc_aircraft_cap_incft	[224, 224]
1.3	20.08	17.86	0.56	[28.43, 5.0, 3.7, 2.5, 2.1, 1.5, 1.3, 1.3, 1.3, 1.3]	[nan, 26.23, 17.89, 21.2, 24.41, 24.16, 21.38, 20.93, 19.89, 20.08]	[27.59, 16.97, 13.17, 19.9, 20.43, 20.38, 18.08, 18.44, 17.82, 17.86]	[1.04, 1.63, 1.08, 0.28, 0.31, 0.66, 0.98, 0.76, 0.78, 0.56]	fgvc_aircraft_cap_incft	fgvc_aircraft	./data	cap_incft	64	50	0.1	Cosine	[60, 70]	40	0.0005	0.9	1.0	128	65536	0.999	0.07	1.0	2	1.0	google/vit-base-patch16-224-in21k	vit-b16	0	10	FSCIT	True	pet	10	1.0	1.0	100	15	8	2	3	LoRA	5	11	[0, 1, 2, 3, 4, 5, 6, 7, 8, 9, 10, 11]	0	0.1	-1	1.0	False	False	True	False	10	10	100	10	checkpoint/fgvc_aircraft_cap_incft	[224, 224]
14.81	15.97	15.54	2.07	[27.43, 15.01, 15.01, 14.91, 14.91, 14.91, 14.91, 14.81, 14.81, 14.81]	[nan, 11.81, 7.65, 13.3, 17.4, 17.48, 15.43, 15.92, 15.27, 15.97]	[28.12, 13.55, 10.1, 17.06, 17.46, 17.05, 14.93, 15.77, 15.22, 15.54]	[1.28, 1.43, 1.85, 2.59, 2.45, 2.76, 2.96, 2.54, 2.41, 2.07]	fgvc_aircraft_cap_incft	fgvc_aircraft	./data	cap_incft	64	50	0.1	Cosine	[60, 70]	40	0.0005	0.9	1.0	128	65536	0.999	0.07	1.0	2	1.0	google/vit-base-patch16-224-in21k	vit-b16	0	10	FSCIT	True	classifier+pet	1	1.0	1.0	100	15	8	2	3	LoRA	5	11	[0, 1, 2, 3, 4, 5, 6, 7, 8, 9, 10, 11]	0	0.1	-1	1.0	False	False	True	False	10	10	100	10	checkpoint/fgvc_aircraft_cap_incft	[224, 224]
0.0	20.96	18.52	0.45	[28.43, 0.0, 0.0, 0.0, 0.0, 0.0, 0.0, 0.0, 0.0, 0.0]	[nan, 27.53, 18.64, 21.93, 24.98, 24.95, 22.78, 21.95, 20.84, 20.96]	[26.9, 15.35, 12.43, 20.02, 20.5, 20.8, 18.99, 19.18, 18.52, 18.52]	[0.86, 0.41, 0.12, 0.12, 0.14, 0.22, 0.35, 0.51, 0.5, 0.45]	fgvc_aircraft_cap_incft	fgvc_aircraft	./data	cap_incft	64	50	0.1	Cosine	[60, 70]	40	0.0005	0.9	1.0	128	65536	0.999	0.07	1.0	2	1.0	google/vit-base-patch16-224-in21k	vit-b16	0	10	FSCIT	True	pet	3	1.0	1.0	100	15	8	2	3	LoRA	5	11	[0, 1, 2, 3, 4, 5, 6, 7, 8, 9, 10, 11]	0	0.1	-1	1.0	False	False	True	False	10	10	100	10	checkpoint/fgvc_aircraft_cap_incft	[224, 224]
0.0	21.51	18.98	0.13	[28.93, 0.0, 0.0, 0.0, 0.0, 0.0, 0.0, 0.0, 0.0, 0.0]	[nan, 27.63, 18.84, 21.97, 25.23, 25.29, 23.3, 22.59, 21.47, 21.51]	[28.57, 15.45, 12.57, 19.85, 20.7, 21.08, 19.42, 19.77, 19.09, 18.98]	[0.36, 0.12, 0.05, 0.37, 0.37, 0.35, 0.2, 0.07, 0.09, 0.13]	fgvc_aircraft_cap_incft	fgvc_aircraft	./data	cap_incft	64	50	0.1	Cosine	[60, 70]	40	0.0005	0.9	1.0	128	65536	0.999	0.07	1.0	2	1.0	google/vit-base-patch16-224-in21k	vit-b16	0	10	FSCIT	True	classifier+pet	10	1.0	1.0	100	15	8	2	3	LoRA	5	11	[0, 1, 2, 3, 4, 5, 6, 7, 8, 9, 10, 11]	0	0.1	-1	1.0	False	False	True	False	10	10	100	10	checkpoint/fgvc_aircraft_cap_incft	[224, 224]
7.01	19.06	17.5	1.33	[27.03, 8.01, 8.01, 7.81, 7.51, 7.31, 7.31, 7.11, 7.01, 7.01]	[nan, 20.62, 13.84, 18.43, 22.26, 22.26, 19.83, 19.69, 18.77, 19.06]	[27.5, 15.07, 11.9, 19.04, 19.8, 19.77, 17.57, 18.07, 17.47, 17.5]	[1.07, 0.21, 0.62, 1.1, 1.1, 1.71, 1.96, 1.75, 1.61, 1.33]	fgvc_aircraft_cap_incft	fgvc_aircraft	./data	cap_incft	64	50	0.1	Cosine	[60, 70]	40	0.0005	0.9	1.0	128	65536	0.999	0.07	1.0	2	1.0	google/vit-base-patch16-224-in21k	vit-b16	0	10	FSCIT	True	classifier	10	1.0	1.0	100	15	8	2	3	LoRA	5	11	[0, 1, 2, 3, 4, 5, 6, 7, 8, 9, 10, 11]	0	0.1	-1	1.0	False	False	True	False	10	10	100	10	checkpoint/fgvc_aircraft_cap_incft	[224, 224]
8.01	18.83	17.4	1.64	[28.63, 8.01, 8.01, 8.01, 8.01, 8.01, 8.01, 8.01, 8.01, 8.01]	[nan, 19.82, 13.39, 18.03, 21.86, 21.85, 19.85, 19.42, 18.51, 18.83]	[28.77, 14.78, 11.6, 19.04, 19.65, 19.55, 17.65, 17.94, 17.35, 17.4]	[3.14, 0.99, 1.56, 1.85, 2.25, 2.48, 2.92, 2.12, 2.04, 1.64]	fgvc_aircraft_cap_incft	fgvc_aircraft	./data	cap_incft	64	50	0.1	Cosine	[60, 70]	40	0.0005	0.9	1.0	128	65536	0.999	0.07	1.0	2	1.0	google/vit-base-patch16-224-in21k	vit-b16	0	10	FSCIT	True	classifier	5	1.0	1.0	100	15	8	2	3	LoRA	5	11	[0, 1, 2, 3, 4, 5, 6, 7, 8, 9, 10, 11]	0	0.1	-1	1.0	False	False	True	False	10	10	100	10	checkpoint/fgvc_aircraft_cap_incft	[224, 224]
0.0	19.83	17.5	1.46	[28.63, 0.8, 0.7, 0.1, 0.1, 0.0, 0.0, 0.0, 0.0, 0.0]	[nan, 25.83, 18.04, 21.07, 23.83, 23.54, 21.13, 20.72, 19.71, 19.83]	[27.6, 14.82, 12.27, 19.03, 19.6, 19.62, 17.64, 18.12, 17.52, 17.5]	[0.47, 0.55, 0.09, 1.61, 1.49, 2.04, 1.98, 1.6, 1.59, 1.46]	fgvc_aircraft_cap_incft	fgvc_aircraft	./data	cap_incft	64	50	0.1	Cosine	[60, 70]	40	0.0005	0.9	1.0	128	65536	0.999	0.07	1.0	2	1.0	google/vit-base-patch16-224-in21k	vit-b16	0	10	FSCIT	True	classifier+pet	5	1.0	1.0	100	15	8	2	3	LoRA	5	11	[0, 1, 2, 3, 4, 5, 6, 7, 8, 9, 10, 11]	0	0.1	-1	1.0	False	False	True	False	10	10	100	10	checkpoint/fgvc_aircraft_cap_incft	[224, 224]
0.0	20.99	18.52	0.56	[27.23, 0.0, 0.0, 0.0, 0.0, 0.0, 0.0, 0.0, 0.0, 0.0]	[nan, 27.83, 19.04, 22.1, 25.31, 25.09, 23.02, 21.98, 20.89, 20.99]	[25.88, 15.44, 12.7, 19.99, 20.77, 20.92, 19.21, 19.2, 18.58, 18.52]	[0.32, 0.47, 0.24, 0.15, 0.26, 0.51, 0.62, 0.39, 0.48, 0.56]	fgvc_aircraft_cap_incft	fgvc_aircraft	./data	cap_incft	64	50	0.1	Cosine	[60, 70]	40	0.0005	0.9	1.0	128	65536	0.999	0.07	1.0	2	1.0	google/vit-base-patch16-224-in21k	vit-b16	0	10	FSCIT	True	classifier	3	1.0	1.0	100	15	8	2	3	LoRA	5	11	[0, 1, 2, 3, 4, 5, 6, 7, 8, 9, 10, 11]	0	0.1	-1	1.0	False	False	True	False	10	10	100	10	checkpoint/fgvc_aircraft_cap_incft	[224, 224]
0.0	14.28	12.76	0.22	[28.23, 0.0, 0.0, 0.0, 0.0, 0.0, 0.0, 0.0, 0.0, 0.0]	[nan, 26.63, 17.19, 21.43, 24.18, 24.28, 18.67, 15.53, 13.82, 14.28]	[26.97, 14.85, 11.47, 19.51, 19.94, 20.23, 15.55, 13.68, 12.29, 12.76]	[0.6, 0.33, 0.45, 0.24, 0.23, 0.27, 0.51, 0.55, 0.3, 0.22]	fgvc_aircraft_cap_incft	fgvc_aircraft	./data	cap_incft	64	50	0.1	Cosine	[60, 70]	40	0.0005	0.9	1.0	128	65536	0.999	0.07	1.0	2	0.5	google/vit-base-patch16-224-in21k	vit-b16	0	10	FSCIT	True	classifier	1	1.0	0.01	100	15	8	2	3	LoRA	5	11	[0, 1, 2, 3, 4, 5, 6, 7, 8, 9, 10, 11]	0	0.1	-1	1.0	False	False	True	False	10	10	100	10	checkpoint/fgvc_aircraft_cap_incft	[224, 224]
3.3	0.73	0.97	0.02	[29.03, 12.81, 10.51, 11.51, 10.01, 0.2, 6.91, 6.71, 4.71, 3.3]	[nan, 1.0, 0.25, 0.0, 0.0, 2.42, 0.55, 0.49, 0.7, 0.73]	[27.72, 6.62, 3.67, 2.74, 1.96, 2.05, 1.42, 1.25, 1.14, 0.97]	[0.52, 0.88, 0.38, 0.27, 0.03, 0.68, 0.04, 0.02, 0.02, 0.02]	fgvc_aircraft_cap_incft	fgvc_aircraft	./data	cap_incft	64	50	0.1	Cosine	[60, 70]	40	0.0005	0.9	1.0	128	65536	0.999	0.07	1.0	2	0.5	google/vit-base-patch16-224-in21k	vit-b16	0	10	FSCIT	True	classifier+pet	5	1.0	0.01	100	15	8	2	3	LoRA	5	11	[0, 1, 2, 3, 4, 5, 6, 7, 8, 9, 10, 11]	0	0.1	-1	1.0	False	False	True	False	10	10	100	10	checkpoint/fgvc_aircraft_cap_incft	[224, 224]
0.0	21.28	18.77	0.23	[29.33, 0.0, 0.0, 0.0, 0.0, 0.0, 0.0, 0.0, 0.0, 0.0]	[nan, 27.93, 18.99, 22.23, 25.66, 25.31, 23.0, 22.33, 21.24, 21.28]	[27.8, 15.61, 12.67, 20.18, 21.07, 21.1, 19.17, 19.51, 18.89, 18.77]	[1.34, 0.24, 0.39, 0.43, 0.37, 0.29, 0.15, 0.06, 0.18, 0.23]	fgvc_aircraft_cap_incft	fgvc_aircraft	./data	cap_incft	64	50	0.1	Cosine	[60, 70]	40	0.0005	0.9	1.0	128	65536	0.999	0.07	1.0	2	1.0	google/vit-base-patch16-224-in21k	vit-b16	0	10	FSCIT	True	classifier	0	1.0	0.01	100	15	8	2	3	LoRA	5	11	[0, 1, 2, 3, 4, 5, 6, 7, 8, 9, 10, 11]	0	0.1	-1	1.0	False	False	True	False	10	10	100	10	checkpoint/fgvc_aircraft_cap_incft	[224, 224]
6.61	18.81	17.24	2.07	[28.53, 7.11, 7.11, 6.91, 6.61, 6.61, 6.61, 6.61, 6.61, 6.61]	[nan, 20.32, 13.44, 17.9, 21.48, 21.57, 19.33, 19.33, 18.41, 18.81]	[27.84, 14.67, 11.33, 18.54, 19.03, 19.08, 17.03, 17.7, 17.1, 17.24]	[1.12, 1.79, 2.01, 2.46, 2.4, 2.85, 3.09, 2.58, 2.4, 2.07]	fgvc_aircraft_cap_incft	fgvc_aircraft	./data	cap_incft	64	50	0.1	Cosine	[60, 70]	40	0.0005	0.9	1.0	128	65536	0.999	0.07	1.0	2	1.0	google/vit-base-patch16-224-in21k	vit-b16	0	10	FSCIT	True	classifier+pet	0	1.0	0.1	100	15	8	2	3	LoRA	5	11	[0, 1, 2, 3, 4, 5, 6, 7, 8, 9, 10, 11]	0	0.1	-1	1.0	False	False	True	False	10	10	100	10	checkpoint/fgvc_aircraft_cap_incft	[224, 224]
0.5	20.45	18.1	0.81	[28.13, 3.6, 1.3, 0.8, 0.5, 0.5, 0.5, 0.5, 0.5, 0.5]	[nan, 26.43, 18.79, 21.87, 24.98, 24.62, 22.17, 21.62, 20.41, 20.45]	[28.52, 16.47, 12.97, 20.01, 20.57, 20.6, 18.6, 18.93, 18.2, 18.1]	[1.19, 1.38, 0.37, 0.44, 0.66, 0.97, 1.05, 0.73, 0.87, 0.81]	fgvc_aircraft_cap_incft	fgvc_aircraft	./data	cap_incft	64	50	0.1	Cosine	[60, 70]	40	0.0005	0.9	1.0	128	65536	0.999	0.07	1.0	2	0.5	google/vit-base-patch16-224-in21k	vit-b16	0	10	FSCIT	True	classifier	0	1.0	0.01	100	15	8	2	3	LoRA	5	11	[0, 1, 2, 3, 4, 5, 6, 7, 8, 9, 10, 11]	0	0.1	-1	1.0	False	False	True	False	10	10	100	10	checkpoint/fgvc_aircraft_cap_incft	[224, 224]
0.0	21.0	18.55	0.19	[28.23, 0.0, 0.0, 0.0, 0.0, 0.0, 0.0, 0.0, 0.0, 0.0]	[nan, 27.33, 18.54, 21.67, 25.03, 24.95, 22.93, 21.99, 20.92, 21.0]	[26.72, 15.35, 12.37, 19.73, 20.59, 20.8, 19.11, 19.23, 18.6, 18.55]	[0.32, 0.51, 0.05, 0.26, 0.23, 0.21, 0.23, 0.13, 0.12, 0.19]	fgvc_aircraft_cap_incft	fgvc_aircraft	./data	cap_incft	64	50	0.1	Cosine	[60, 70]	40	0.0005	0.9	1.0	128	65536	0.999	0.07	1.0	2	0.5	google/vit-base-patch16-224-in21k	vit-b16	0	10	FSCIT	True	classifier+pet	0	1.0	0.01	100	15	8	2	3	LoRA	5	11	[0, 1, 2, 3, 4, 5, 6, 7, 8, 9, 10, 11]	0	0.1	-1	1.0	False	False	True	False	10	10	100	10	checkpoint/fgvc_aircraft_cap_incft	[224, 224]
6.61	0.4	1.0	0.04	[28.53, 12.21, 5.01, 3.3, 3.5, 2.8, 9.71, 3.3, 3.5, 6.61]	[nan, 11.81, 3.85, 3.4, 2.5, 1.52, 0.0, 1.07, 0.84, 0.4]	[26.73, 11.95, 4.23, 3.26, 2.81, 1.73, 1.34, 1.69, 1.13, 1.0]	[0.29, 0.61, 1.53, 1.28, 1.31, 0.15, 0.04, 0.34, 0.05, 0.04]	fgvc_aircraft_cap_incft	fgvc_aircraft	./data	cap_incft	64	50	0.1	Cosine	[60, 70]	40	0.0005	0.9	1.0	128	65536	0.999	0.07	1.0	2	0.5	google/vit-base-patch16-224-in21k	vit-b16	0	10	FSCIT	True	classifier+pet	1	1.0	0.1	100	15	8	2	3	LoRA	5	11	[0, 1, 2, 3, 4, 5, 6, 7, 8, 9, 10, 11]	0	0.1	-1	1.0	False	False	True	False	10	10	100	10	checkpoint/fgvc_aircraft_cap_incft	[224, 224]
0.0	13.65	12.2	0.22	[28.03, 0.0, 0.0, 0.0, 0.0, 0.0, 0.0, 0.0, 0.0, 0.0]	[nan, 27.03, 18.04, 21.87, 24.16, 23.86, 18.05, 14.97, 13.59, 13.65]	[25.97, 15.12, 12.03, 19.97, 19.92, 19.88, 15.04, 13.19, 12.08, 12.2]	[0.52, 0.74, 0.29, 0.34, 0.21, 0.37, 0.67, 0.14, 0.09, 0.22]	fgvc_aircraft_cap_incft	fgvc_aircraft	./data	cap_incft	64	50	0.1	Cosine	[60, 70]	40	0.0005	0.9	1.0	128	65536	0.999	0.07	1.0	2	1.0	google/vit-base-patch16-224-in21k	vit-b16	0	10	FSCIT	True	classifier	1	1.0	0.01	100	15	8	2	3	LoRA	5	11	[0, 1, 2, 3, 4, 5, 6, 7, 8, 9, 10, 11]	0	0.1	-1	1.0	False	False	True	False	10	10	100	10	checkpoint/fgvc_aircraft_cap_incft	[224, 224]
9.91	0.0	0.97	0.0	[28.03, 10.91, 10.01, 9.61, 9.91, 9.91, 9.91, 10.01, 9.91, 9.91]	[nan, 0.0, 0.0, 0.0, 0.0, 0.0, 0.0, 0.0, 0.0, 0.0]	[26.98, 5.19, 3.33, 2.29, 1.94, 1.65, 1.37, 1.23, 1.1, 0.97]	[1.04, 0.41, 0.05, 0.1, 0.0, 0.0, 0.0, 0.02, 0.0, 0.0]	fgvc_aircraft_cap_incft	fgvc_aircraft	./data	cap_incft	64	50	0.1	Cosine	[60, 70]	40	0.0005	0.9	1.0	128	65536	0.999	0.07	1.0	2	1.0	google/vit-base-patch16-224-in21k	vit-b16	0	10	FSCIT	True	classifier+pet	5	1.0	0.1	100	15	8	2	3	LoRA	5	11	[0, 1, 2, 3, 4, 5, 6, 7, 8, 9, 10, 11]	0	0.1	-1	1.0	False	False	True	False	10	10	100	10	checkpoint/fgvc_aircraft_cap_incft	[224, 224]
0.1	1.32	1.35	0.29	[27.43, 5.81, 2.9, 2.6, 2.3, 2.6, 8.11, 3.4, 2.9, 0.1]	[nan, 13.41, 3.75, 2.47, 1.78, 1.72, 0.25, 0.77, 0.98, 1.32]	[26.56, 9.88, 3.47, 2.48, 1.84, 1.87, 1.33, 1.12, 1.19, 1.35]	[0.75, 2.3, 0.46, 0.17, 0.1, 0.35, 0.03, 0.17, 0.06, 0.29]	fgvc_aircraft_cap_incft	fgvc_aircraft	./data	cap_incft	64	50	0.1	Cosine	[60, 70]	40	0.0005	0.9	1.0	128	65536	0.999	0.07	1.0	2	1.0	google/vit-base-patch16-224-in21k	vit-b16	0	10	FSCIT	True	classifier+pet	1	1.0	0.1	100	15	8	2	3	LoRA	5	11	[0, 1, 2, 3, 4, 5, 6, 7, 8, 9, 10, 11]	0	0.1	-1	1.0	False	False	True	False	10	10	100	10	checkpoint/fgvc_aircraft_cap_incft	[224, 224]
10.11	0.0	0.99	0.03	[28.13, 10.61, 9.91, 9.91, 9.51, 9.41, 10.21, 9.61, 10.11, 10.11]	[nan, 0.0, 0.0, 0.0, 0.0, 0.0, 0.0, 0.0, 0.0, 0.0]	[27.39, 5.05, 3.3, 2.36, 1.86, 1.57, 1.41, 1.19, 1.12, 0.99]	[0.73, 0.3, 0.08, 0.0, 0.11, 0.15, 0.06, 0.11, 0.03, 0.03]	fgvc_aircraft_cap_incft	fgvc_aircraft	./data	cap_incft	64	50	0.1	Cosine	[60, 70]	40	0.0005	0.9	1.0	128	65536	0.999	0.07	1.0	2	1.0	google/vit-base-patch16-224-in21k	vit-b16	0	10	FSCIT	True	classifier+pet	10	1.0	0.1	100	15	8	2	3	LoRA	5	11	[0, 1, 2, 3, 4, 5, 6, 7, 8, 9, 10, 11]	0	0.1	-1	1.0	False	False	True	False	10	10	100	10	checkpoint/fgvc_aircraft_cap_incft	[224, 224]
0.0	1.12	0.99	0.03	[27.53, 0.0, 0.0, 0.0, 0.0, 0.0, 0.0, 0.0, 0.0, 0.0]	[nan, 26.33, 12.29, 8.87, 9.55, 6.08, 4.0, 2.1, 2.49, 1.12]	[26.66, 14.95, 8.2, 8.9, 8.2, 5.07, 3.45, 1.86, 2.21, 0.99]	[0.66, 0.15, 0.59, 0.65, 1.68, 1.19, 0.53, 0.46, 0.53, 0.03]	fgvc_aircraft_cap_incft	fgvc_aircraft	./data	cap_incft	64	50	0.1	Cosine	[60, 70]	40	0.0005	0.9	1.0	128	65536	0.999	0.07	1.0	2	1.0	google/vit-base-patch16-224-in21k	vit-b16	0	10	FSCIT	True	classifier+pet	1	1.0	0.01	100	15	8	2	3	LoRA	5	11	[0, 1, 2, 3, 4, 5, 6, 7, 8, 9, 10, 11]	0	0.1	-1	1.0	False	False	True	False	10	10	100	10	checkpoint/fgvc_aircraft_cap_incft	[224, 224]
3.1	7.2	7.19	0.16	[27.53, 0.3, 0.0, 0.0, 1.2, 3.9, 0.1, 0.0, 1.6, 3.1]	[nan, 28.53, 12.99, 14.73, 13.15, 12.62, 8.67, 8.93, 6.53, 7.2]	[26.56, 15.95, 8.67, 14.68, 11.55, 11.17, 7.29, 8.06, 5.99, 7.19]	[0.89, 0.13, 0.31, 0.46, 0.2, 0.26, 0.19, 0.16, 0.42, 0.16]	fgvc_aircraft_cap_incft	fgvc_aircraft	./data	cap_incft	64	50	0.1	Cosine	[60, 70]	40	0.0005	0.9	1.0	128	65536	0.999	0.07	1.0	2	0.5	google/vit-base-patch16-224-in21k	vit-b16	0	10	FSCIT	True	classifier	5	1.0	0.01	100	15	8	2	3	LoRA	5	11	[0, 1, 2, 3, 4, 5, 6, 7, 8, 9, 10, 11]	0	0.1	-1	1.0	False	False	True	False	10	10	100	10	checkpoint/fgvc_aircraft_cap_incft	[224, 224]
0.0	1.31	1.18	0.17	[27.83, 0.0, 0.0, 0.0, 0.0, 0.0, 0.0, 0.0, 0.0, 0.0]	[nan, 27.43, 14.34, 10.17, 7.58, 5.14, 4.75, 2.9, 2.12, 1.31]	[27.66, 15.38, 9.57, 10.26, 6.65, 4.28, 4.3, 2.81, 1.89, 1.18]	[2.15, 0.12, 1.3, 1.23, 2.2, 0.96, 0.83, 1.26, 0.4, 0.17]	fgvc_aircraft_cap_incft	fgvc_aircraft	./data	cap_incft	64	50	0.1	Cosine	[60, 70]	40	0.0005	0.9	1.0	128	65536	0.999	0.07	1.0	2	0.5	google/vit-base-patch16-224-in21k	vit-b16	0	10	FSCIT	True	classifier+pet	1	1.0	0.01	100	15	8	2	3	LoRA	5	11	[0, 1, 2, 3, 4, 5, 6, 7, 8, 9, 10, 11]	0	0.1	-1	1.0	False	False	True	False	10	10	100	10	checkpoint/fgvc_aircraft_cap_incft	[224, 224]
7.11	19.19	17.65	0.94	[28.13, 7.91, 7.81, 7.81, 7.51, 7.31, 7.31, 7.31, 7.11, 7.11]	[nan, 21.72, 14.79, 18.77, 22.43, 22.04, 19.48, 19.52, 18.71, 19.19]	[28.26, 15.57, 12.47, 19.52, 19.9, 19.58, 17.28, 17.94, 17.42, 17.65]	[1.8, 0.36, 0.68, 0.88, 1.13, 1.5, 1.74, 1.16, 1.15, 0.94]	fgvc_aircraft_cap_incft	fgvc_aircraft	./data	cap_incft	64	50	0.1	Cosine	[60, 70]	40	0.0005	0.9	1.0	128	65536	0.999	0.07	1.0	2	1.0	google/vit-base-patch16-224-in21k	vit-b16	0	10	FSCIT	True	classifier+pet	0	1.0	0.01	100	15	8	2	3	LoRA	5	11	[0, 1, 2, 3, 4, 5, 6, 7, 8, 9, 10, 11]	0	0.1	-1	1.0	False	False	True	False	10	10	100	10	checkpoint/fgvc_aircraft_cap_incft	[224, 224]
27.43	0.0	2.68	0.13	[27.83, 27.73, 27.63, 28.23, 26.63, 25.43, 27.13, 27.63, 26.93, 27.43]	[nan, 0.0, 0.0, 0.0, 0.0, 0.0, 0.0, 0.0, 0.0, 0.0]	[26.73, 13.19, 9.2, 6.71, 5.21, 4.23, 3.76, 3.41, 2.99, 2.68]	[1.32, 0.27, 0.43, 0.56, 0.15, 0.25, 0.19, 0.16, 0.13, 0.13]	fgvc_aircraft_cap_incft	fgvc_aircraft	./data	cap_incft	64	50	0.1	Cosine	[60, 70]	40	0.0005	0.9	1.0	128	65536	0.999	0.07	1.0	2	1.0	google/vit-base-patch16-224-in21k	vit-b16	0	10	FSCIT	True	classifier	5	1.0	0.1	100	15	8	2	3	LoRA	5	11	[0, 1, 2, 3, 4, 5, 6, 7, 8, 9, 10, 11]	0	0.1	-1	1.0	False	False	True	False	10	10	100	10	checkpoint/fgvc_aircraft_cap_incft	[224, 224]
9.91	0.0	0.97	0.0	[27.73, 14.01, 10.11, 11.71, 7.21, 11.11, 10.71, 10.11, 10.21, 9.91]	[nan, 0.0, 0.0, 0.0, 0.83, 0.0, 0.0, 0.0, 0.0, 0.0]	[27.08, 6.66, 3.37, 2.79, 2.06, 1.85, 1.49, 1.25, 1.13, 0.97]	[1.45, 0.82, 0.09, 0.55, 0.13, 0.25, 0.13, 0.02, 0.03, 0.0]	fgvc_aircraft_cap_incft	fgvc_aircraft	./data	cap_incft	64	50	0.1	Cosine	[60, 70]	40	0.0005	0.9	1.0	128	65536	0.999	0.07	1.0	2	1.0	google/vit-base-patch16-224-in21k	vit-b16	0	10	FSCIT	True	classifier+pet	10	1.0	0.01	100	15	8	2	3	LoRA	5	11	[0, 1, 2, 3, 4, 5, 6, 7, 8, 9, 10, 11]	0	0.1	-1	1.0	False	False	True	False	10	10	100	10	checkpoint/fgvc_aircraft_cap_incft	[224, 224]
0.0	20.69	18.27	0.3	[28.43, 0.0, 0.0, 0.0, 0.0, 0.0, 0.0, 0.0, 0.0, 0.0]	[nan, 28.33, 19.24, 22.27, 25.51, 25.15, 22.68, 21.99, 20.77, 20.69]	[27.5, 15.91, 12.83, 20.16, 20.87, 20.97, 18.93, 19.25, 18.47, 18.27]	[0.94, 0.21, 0.41, 0.41, 0.27, 0.27, 0.28, 0.15, 0.26, 0.3]	fgvc_aircraft_cap_incft	fgvc_aircraft	./data	cap_incft	64	50	0.1	Cosine	[60, 70]	40	0.0005	0.9	1.0	128	65536	0.999	0.07	1.0	2	1.0	google/vit-base-patch16-224-in21k	vit-b16	0	10	FSCIT	True	classifier	0	1.0	0.1	100	15	8	2	3	LoRA	5	11	[0, 1, 2, 3, 4, 5, 6, 7, 8, 9, 10, 11]	0	0.1	-1	1.0	False	False	True	False	10	10	100	10	checkpoint/fgvc_aircraft_cap_incft	[224, 224]
25.62	5.99	7.84	0.51	[27.53, 26.43, 25.43, 25.23, 25.43, 23.32, 25.53, 23.52, 25.03, 25.62]	[nan, 6.51, 1.95, 8.43, 9.83, 8.62, 5.45, 6.77, 3.69, 5.99]	[25.8, 15.76, 9.77, 15.6, 13.65, 11.07, 8.17, 8.92, 6.06, 7.84]	[1.04, 2.6, 1.15, 2.17, 1.6, 0.93, 0.99, 0.28, 0.58, 0.51]	fgvc_aircraft_cap_incft	fgvc_aircraft	./data	cap_incft	64	50	0.1	Cosine	[60, 70]	40	0.0005	0.9	1.0	128	65536	0.999	0.07	1.0	2	1.0	google/vit-base-patch16-224-in21k	vit-b16	0	10	FSCIT	True	classifier	10	1.0	0.01	100	15	8	2	3	LoRA	5	11	[0, 1, 2, 3, 4, 5, 6, 7, 8, 9, 10, 11]	0	0.1	-1	1.0	False	False	True	False	10	10	100	10	checkpoint/fgvc_aircraft_cap_incft	[224, 224]
9.51	0.0	0.93	0.06	[28.03, 10.31, 9.91, 10.51, 9.81, 9.31, 9.71, 9.21, 9.71, 9.51]	[nan, 0.0, 0.0, 0.0, 0.0, 0.0, 0.0, 0.0, 0.0, 0.0]	[26.81, 4.9, 3.3, 2.5, 1.92, 1.55, 1.34, 1.13, 1.08, 0.93]	[0.54, 0.27, 0.0, 0.2, 0.03, 0.14, 0.04, 0.12, 0.03, 0.06]	fgvc_aircraft_cap_incft	fgvc_aircraft	./data	cap_incft	64	50	0.1	Cosine	[60, 70]	40	0.0005	0.9	1.0	128	65536	0.999	0.07	1.0	2	0.5	google/vit-base-patch16-224-in21k	vit-b16	0	10	FSCIT	True	classifier+pet	10	1.0	0.1	100	15	8	2	3	LoRA	5	11	[0, 1, 2, 3, 4, 5, 6, 7, 8, 9, 10, 11]	0	0.1	-1	1.0	False	False	True	False	10	10	100	10	checkpoint/fgvc_aircraft_cap_incft	[224, 224]
9.91	0.0	0.97	0.0	[28.33, 12.01, 12.51, 10.01, 13.01, 8.81, 9.41, 10.01, 9.91, 9.91]	[nan, 0.0, 0.0, 0.0, 0.0, 0.68, 0.55, 0.0, 0.0, 0.0]	[27.93, 5.71, 4.17, 2.38, 2.55, 2.03, 1.76, 1.23, 1.1, 0.97]	[1.05, 0.96, 1.16, 0.03, 0.86, 0.51, 0.52, 0.02, 0.0, 0.0]	fgvc_aircraft_cap_incft	fgvc_aircraft	./data	cap_incft	64	50	0.1	Cosine	[60, 70]	40	0.0005	0.9	1.0	128	65536	0.999	0.07	1.0	2	0.5	google/vit-base-patch16-224-in21k	vit-b16	0	10	FSCIT	True	classifier+pet	10	1.0	0.01	100	15	8	2	3	LoRA	5	11	[0, 1, 2, 3, 4, 5, 6, 7, 8, 9, 10, 11]	0	0.1	-1	1.0	False	False	True	False	10	10	100	10	checkpoint/fgvc_aircraft_cap_incft	[224, 224]
1.1	20.06	17.83	1.17	[28.43, 4.1, 3.5, 3.0, 2.3, 1.6, 1.3, 1.2, 1.1, 1.1]	[nan, 23.83, 17.64, 20.47, 23.88, 23.33, 21.47, 20.86, 19.9, 20.06]	[27.79, 15.22, 12.93, 19.15, 20.1, 19.72, 18.1, 18.36, 17.81, 17.83]	[0.5, 0.48, 0.05, 0.9, 1.11, 1.67, 1.72, 1.23, 1.21, 1.17]	fgvc_aircraft_cap_incft	fgvc_aircraft	./data	cap_incft	64	50	0.1	Cosine	[60, 70]	40	0.0005	0.9	1.0	128	65536	0.999	0.07	1.0	2	0.5	google/vit-base-patch16-224-in21k	vit-b16	0	10	FSCIT	True	classifier+pet	0	1.0	0.1	100	15	8	2	3	LoRA	5	11	[0, 1, 2, 3, 4, 5, 6, 7, 8, 9, 10, 11]	0	0.1	-1	1.0	False	False	True	False	10	10	100	10	checkpoint/fgvc_aircraft_cap_incft	[224, 224]
27.73	0.0	2.72	0.16	[29.23, 27.93, 28.53, 27.03, 27.63, 27.23, 26.93, 27.83, 27.03, 27.73]	[nan, 0.0, 0.0, 0.0, 0.0, 0.0, 0.0, 0.0, 0.0, 0.0]	[27.64, 13.29, 9.5, 6.43, 5.41, 4.53, 3.73, 3.43, 3.0, 2.72]	[0.42, 0.73, 0.67, 0.27, 0.13, 0.24, 0.22, 0.09, 0.02, 0.16]	fgvc_aircraft_cap_incft	fgvc_aircraft	./data	cap_incft	64	50	0.1	Cosine	[60, 70]	40	0.0005	0.9	1.0	128	65536	0.999	0.07	1.0	2	0.5	google/vit-base-patch16-224-in21k	vit-b16	0	10	FSCIT	True	classifier	10	1.0	0.1	100	15	8	2	3	LoRA	5	11	[0, 1, 2, 3, 4, 5, 6, 7, 8, 9, 10, 11]	0	0.1	-1	1.0	False	False	True	False	10	10	100	10	checkpoint/fgvc_aircraft_cap_incft	[224, 224]
3.3	0.74	0.98	0.01	[27.93, 14.91, 10.91, 6.91, 12.51, 3.3, 3.3, 5.81, 3.3, 3.3]	[nan, 8.71, 0.1, 1.33, 0.0, 1.32, 1.15, 0.64, 0.83, 0.74]	[26.65, 11.46, 3.7, 2.64, 2.45, 1.65, 1.41, 1.34, 1.1, 0.98]	[1.78, 3.78, 0.08, 0.29, 0.3, 0.0, 0.06, 0.14, 0.0, 0.01]	fgvc_aircraft_cap_incft	fgvc_aircraft	./data	cap_incft	64	50	0.1	Cosine	[60, 70]	40	0.0005	0.9	1.0	128	65536	0.999	0.07	1.0	2	1.0	google/vit-base-patch16-224-in21k	vit-b16	0	10	FSCIT	True	classifier+pet	5	1.0	0.01	100	15	8	2	3	LoRA	5	11	[0, 1, 2, 3, 4, 5, 6, 7, 8, 9, 10, 11]	0	0.1	-1	1.0	False	False	True	False	10	10	100	10	checkpoint/fgvc_aircraft_cap_incft	[224, 224]
24.12	6.34	8.18	0.54	[28.23, 25.93, 23.82, 25.43, 25.03, 21.52, 25.03, 23.12, 23.52, 24.12]	[nan, 8.51, 3.9, 10.0, 10.85, 9.3, 5.48, 6.63, 4.06, 6.34]	[28.0, 16.68, 10.53, 17.06, 14.39, 11.33, 8.12, 8.77, 6.22, 8.18]	[1.69, 2.43, 1.45, 1.88, 1.41, 0.95, 0.72, 0.19, 0.39, 0.54]	fgvc_aircraft_cap_incft	fgvc_aircraft	./data	cap_incft	64	50	0.1	Cosine	[60, 70]	40	0.0005	0.9	1.0	128	65536	0.999	0.07	1.0	2	0.5	google/vit-base-patch16-224-in21k	vit-b16	0	10	FSCIT	True	classifier	10	1.0	0.01	100	15	8	2	3	LoRA	5	11	[0, 1, 2, 3, 4, 5, 6, 7, 8, 9, 10, 11]	0	0.1	-1	1.0	False	False	True	False	10	10	100	10	checkpoint/fgvc_aircraft_cap_incft	[224, 224]
26.03	0.0	2.55	0.31	[28.23, 25.43, 24.43, 25.83, 26.23, 24.83, 25.53, 25.83, 25.93, 26.03]	[nan, 0.0, 0.0, 0.0, 0.0, 0.0, 0.0, 0.0, 0.0, 0.0]	[27.95, 12.1, 8.13, 6.14, 5.14, 4.13, 3.54, 3.19, 2.88, 2.55]	[0.27, 1.89, 1.47, 1.05, 0.77, 0.52, 0.53, 0.6, 0.39, 0.31]	fgvc_aircraft_cap_incft	fgvc_aircraft	./data	cap_incft	64	50	0.1	Cosine	[60, 70]	40	0.0005	0.9	1.0	128	65536	0.999	0.07	1.0	2	1.0	google/vit-base-patch16-224-in21k	vit-b16	0	10	FSCIT	True	classifier	10	1.0	0.1	100	15	8	2	3	LoRA	5	11	[0, 1, 2, 3, 4, 5, 6, 7, 8, 9, 10, 11]	0	0.1	-1	1.0	False	False	True	False	10	10	100	10	checkpoint/fgvc_aircraft_cap_incft	[224, 224]
26.13	0.0	2.56	0.17	[27.73, 27.83, 27.53, 27.23, 26.53, 25.93, 26.73, 27.93, 26.53, 26.13]	[nan, 0.0, 0.0, 0.0, 0.0, 0.0, 0.0, 0.0, 0.0, 0.0]	[27.07, 13.24, 9.17, 6.48, 5.2, 4.32, 3.71, 3.45, 2.94, 2.56]	[1.64, 0.07, 0.24, 0.24, 0.19, 0.13, 0.18, 0.14, 0.08, 0.17]	fgvc_aircraft_cap_incft	fgvc_aircraft	./data	cap_incft	64	50	0.1	Cosine	[60, 70]	40	0.0005	0.9	1.0	128	65536	0.999	0.07	1.0	2	0.5	google/vit-base-patch16-224-in21k	vit-b16	0	10	FSCIT	True	classifier	5	1.0	0.1	100	15	8	2	3	LoRA	5	11	[0, 1, 2, 3, 4, 5, 6, 7, 8, 9, 10, 11]	0	0.1	-1	1.0	False	False	True	False	10	10	100	10	checkpoint/fgvc_aircraft_cap_incft	[224, 224]
9.91	0.0	0.97	0.0	[27.83, 12.31, 9.91, 10.11, 10.01, 9.91, 9.91, 9.11, 10.01, 9.91]	[nan, 0.0, 0.0, 0.0, 0.0, 0.0, 0.0, 0.0, 0.0, 0.0]	[26.06, 5.86, 3.3, 2.41, 1.96, 1.65, 1.37, 1.12, 1.11, 0.97]	[0.42, 0.51, 0.0, 0.03, 0.03, 0.0, 0.0, 0.14, 0.01, 0.0]	fgvc_aircraft_cap_incft	fgvc_aircraft	./data	cap_incft	64	50	0.1	Cosine	[60, 70]	40	0.0005	0.9	1.0	128	65536	0.999	0.07	1.0	2	0.5	google/vit-base-patch16-224-in21k	vit-b16	0	10	FSCIT	True	classifier+pet	5	1.0	0.1	100	15	8	2	3	LoRA	5	11	[0, 1, 2, 3, 4, 5, 6, 7, 8, 9, 10, 11]	0	0.1	-1	1.0	False	False	True	False	10	10	100	10	checkpoint/fgvc_aircraft_cap_incft	[224, 224]
14.01	6.62	7.51	0.37	[27.63, 14.11, 13.41, 14.51, 13.61, 13.61, 12.61, 11.91, 13.31, 14.01]	[nan, 15.62, 7.4, 11.17, 11.15, 11.18, 7.72, 8.43, 7.15, 6.62]	[28.52, 15.34, 9.4, 15.25, 12.37, 11.58, 8.35, 8.98, 7.83, 7.51]	[2.99, 3.17, 1.53, 1.25, 0.89, 0.84, 1.07, 0.74, 1.61, 0.37]	fgvc_aircraft_cap_incft	fgvc_aircraft	./data	cap_incft	64	50	0.1	Cosine	[60, 70]	40	0.0005	0.9	1.0	128	65536	0.999	0.07	1.0	2	1.0	google/vit-base-patch16-224-in21k	vit-b16	0	10	FSCIT	True	classifier	5	1.0	0.01	100	15	8	2	3	LoRA	5	11	[0, 1, 2, 3, 4, 5, 6, 7, 8, 9, 10, 11]	0	0.1	-1	1.0	False	False	True	False	10	10	100	10	checkpoint/fgvc_aircraft_cap_incft	[224, 224]
0.0	21.42	18.9	0.35	[27.43, 0.0, 0.0, 0.0, 0.0, 0.0, 0.0, 0.0, 0.0, 0.0]	[nan, 27.53, 19.04, 22.4, 25.56, 25.21, 23.03, 22.23, 21.21, 21.42]	[26.23, 15.35, 12.7, 20.2, 20.95, 21.02, 19.22, 19.41, 18.86, 18.9]	[1.32, 0.42, 0.29, 0.41, 0.37, 0.24, 0.46, 0.32, 0.34, 0.35]	fgvc_aircraft_cap_incft	fgvc_aircraft	./data	cap_incft	64	50	0.1	Cosine	[60, 70]	40	0.0005	0.9	1.0	128	65536	0.999	0.07	1.0	2	0.5	google/vit-base-patch16-224-in21k	vit-b16	0	10	FSCIT	True	classifier	0	1.0	0.1	100	15	8	2	3	LoRA	5	11	[0, 1, 2, 3, 4, 5, 6, 7, 8, 9, 10, 11]	0	0.1	-1	1.0	False	False	True	False	10	10	100	10	checkpoint/fgvc_aircraft_cap_incft	[224, 224]
10.51	6.49	7.17	0.39	[27.23, 9.01, 9.51, 10.51, 9.61, 10.71, 8.01, 8.81, 9.81, 10.51]	[nan, 19.12, 8.59, 12.07, 11.43, 11.54, 8.17, 8.59, 6.85, 6.49]	[26.95, 14.8, 8.9, 15.23, 11.84, 11.4, 8.23, 8.78, 7.18, 7.17]	[1.91, 3.48, 1.76, 1.67, 0.44, 0.83, 0.5, 0.54, 1.17, 0.39]	fgvc_aircraft_cap_incft	fgvc_aircraft	./data	cap_incft	64	50	0.1	Cosine	[60, 70]	40	0.0005	0.9	1.0	128	65536	0.999	0.07	1.0	2	0.5	google/vit-base-patch16-224-in21k	vit-b16	0	10	FSCIT	True	classifier	1	1.0	0.1	100	15	8	2	3	LoRA	5	11	[0, 1, 2, 3, 4, 5, 6, 7, 8, 9, 10, 11]	0	0.1	-1	1.0	False	False	True	False	10	10	100	10	checkpoint/fgvc_aircraft_cap_incft	[224, 224]
2.0	7.38	7.28	0.09	[28.73, 0.3, 0.0, 0.0, 0.6, 2.3, 0.0, 0.0, 1.4, 2.0]	[nan, 28.13, 12.89, 14.73, 13.58, 12.52, 8.65, 8.43, 6.14, 7.38]	[26.8, 15.86, 8.6, 14.64, 11.8, 10.82, 7.27, 7.61, 5.61, 7.28]	[0.81, 0.23, 0.0, 0.44, 0.19, 0.08, 0.1, 0.21, 0.15, 0.09]	fgvc_aircraft_cap_incft	fgvc_aircraft	./data	cap_incft	64	50	0.1	Cosine	[60, 70]	40	0.0005	0.9	1.0	128	65536	0.999	0.07	1.0	2	1.0	google/vit-base-patch16-224-in21k	vit-b16	0	10	FSCIT	True	classifier	1	1.0	0.1	100	15	8	2	3	LoRA	5	11	[0, 1, 2, 3, 4, 5, 6, 7, 8, 9, 10, 11]	0	0.1	-1	1.0	False	False	True	False	10	10	100	10	checkpoint/fgvc_aircraft_cap_incft	[224, 224]
